,User,text,Date,Compound,Positive,Negative,Neutral,Tweets Ago
0,@BBC,"It's the clash of the tennis titans üéæüëä@Andy_Murray and... er, @petercrouch? ü§î #ChildrenInNeed https://t.co/7AVX9k8o41",Fri Nov 13 22:18:26 +0000 2020,0.0,0.0,1.0,0.0,1
1,@BBC,"RT @BBCRadio2: The official video for this year's star-studded @bbccin single, 'Stop Crying Your Heart Out' is here! ü§©

Watch now and don't‚Ä¶",Fri Nov 13 21:00:12 +0000 2020,-0.1007,0.141,0.671,0.188,1
2,@BBC,"Thanks for the exclusive performance for @bbccin, @shawnmendes üôå

#ChildrenInNeed #ShawnMendes https://t.co/NmJOm6oDOt",Fri Nov 13 20:33:26 +0000 2020,0.5267,0.286,0.714,0.0,1
3,@BBC,"It's time for #ChildrenInNeed 2020!

Starting RIGHT NOW on @BBCOne &amp; @BBCiPlayer üôå

üëâhttps://t.co/6ja5CKOhAu https://t.co/S56XqamhIe",Fri Nov 13 19:00:01 +0000 2020,0.0,0.0,1.0,0.0,1
4,@BBC,"RT @bbcasiannetwork: Looking for the ultimate #Diwali soundtrack? üéâ

@HarpreetUK, @PanjabiHitSquad, @AshantiOmkar and @radiogagan have cura‚Ä¶",Fri Nov 13 18:02:03 +0000 2020,0.4019,0.144,0.856,0.0,1
5,@BBC,"Don and his wife Jen founded a foodbank in Cornwall that provides 14,000 meals every month to those in need.  üôå‚Ä¶ https://t.co/yMmISXcygk",Fri Nov 13 15:37:06 +0000 2020,0.0,0.0,1.0,0.0,1
6,@BBC,"RT @BBCRadio2: The superhuman Joe Wicks has completed his 24 hour PE challenge and thanks to your generosity, he has raised ¬£1,520,020 for‚Ä¶",Fri Nov 13 11:45:12 +0000 2020,0.7579,0.273,0.727,0.0,1
7,@BBC,"RT @BBCCiN: Oh they are so mean to you @MrNickKnowles!
 
This one is for Nigel who asked 'What exactly does Nick Knowles do?' ü§®
 
@DIYSOS,‚Ä¶",Thu Nov 12 19:12:21 +0000 2020,0.0,0.0,1.0,0.0,1
8,@BBC,"RT @BBCiPlayer: Clive cradling Louis cradling Clive cradling... 

BBC iPlayer, like nowhere else. https://t.co/yYoN2FtXTn",Thu Nov 12 15:10:46 +0000 2020,0.3612,0.161,0.839,0.0,1
9,@BBC,"It‚Äôs an emotional moment for @garylineker, as he reads accounts of those who were with his grandfather in the midst‚Ä¶ https://t.co/d7NEohYhSG",Thu Nov 12 14:01:00 +0000 2020,0.1531,0.074,0.926,0.0,1
10,@BBC,"RT @bbcasiannetwork: From 4pm today @helloyasser, @BobbyFriction, Group Chat's @Poppy_Jay_, @SimplyNadiaAli and @DJNoreenKhan will be passi‚Ä¶",Thu Nov 12 13:05:34 +0000 2020,0.0,0.0,1.0,0.0,1
11,@BBC,.@GaryLineker meets 104-year-old World War Two veteran William Earl - a true British hero (and possibly Arsenal‚Äôs m‚Ä¶ https://t.co/8oFyFkmVkX,Wed Nov 11 17:01:00 +0000 2020,0.3612,0.243,0.608,0.148,1
12,@BBC,"RT @BBCiPlayer: When it rains, it pours. Right Ian? 

BBC iPlayer, like nowhere else. https://t.co/OgbI0UYk0S",Wed Nov 11 11:26:25 +0000 2020,0.3612,0.152,0.848,0.0,1
13,@BBC,"RT @BBCiPlayer: Remarkable‚Ä¶

BBC iPlayer, like nowhere else. https://t.co/shHEOarFVU",Wed Nov 11 11:26:05 +0000 2020,0.3612,0.238,0.762,0.0,1
14,@BBC,"RT @BBCiPlayer: Live Re-start is great‚Ä¶ unless you‚Äôre this baby bird.

BBC iPlayer, like nowhere else. https://t.co/XCrwmaST0y",Wed Nov 11 11:25:45 +0000 2020,0.3612,0.135,0.865,0.0,1
15,@BBC,"RT @HackerTDog: If you like reading, then click this link to see the Blue Peter Book Awards 2021 nominees cockers:
https://t.co/Z0C3By38x7‚Ä¶",Tue Nov 10 16:49:17 +0000 2020,0.6705,0.224,0.776,0.0,1
16,@BBC,"The quest for a vaccine against Covid-19 has taken a significant step forward

So when will it become available?
https://t.co/XAC0DmlOOi",Tue Nov 10 14:01:00 +0000 2020,0.2023,0.087,0.913,0.0,1
17,@BBC,"RT @BBCRadio2: 'Stop Crying Your Heart Out' from The Radio 2 Allstars is this years @BBCCiN single - out this Friday! 

Tune in to the @Zoe‚Ä¶",Tue Nov 10 12:25:55 +0000 2020,-0.1007,0.128,0.701,0.171,1
18,@BBC,"RT @HackerTDog: Did you love watching Iain and Hacker on telly? Of course you loved us! Click here to watch our best ever songs:
https://t.‚Ä¶",Tue Nov 10 11:11:21 +0000 2020,0.9273,0.364,0.636,0.0,1
19,@BBC,"A heart-warming swan love story ü¶¢‚ù§Ô∏èü¶¢
https://t.co/w7pj77mm62",Mon Nov 09 17:01:00 +0000 2020,0.6369,0.318,0.682,0.0,1
20,@BBC,"The work ethic of these young entrepreneurs in the face of a global pandemic is incredible

#Cornwall with‚Ä¶ https://t.co/2koJcPg6H2",Sun Nov 08 14:01:00 +0000 2020,0.0,0.0,1.0,0.0,1
21,@BBC,"David Dimbleby presents live coverage of the #Remembrance Sunday commemorations from Whitehall in London.

10:15am‚Ä¶ https://t.co/u1mlNwMisk",Sun Nov 08 09:01:00 +0000 2020,0.0,0.0,1.0,0.0,1
22,@BBC,"It's almost time for the #LittleMixTheSeach FINAL! ü§©

6pm | @BBCOne &amp; @BBCiPlayer.

üëâhttps://t.co/M8TrW4578e https://t.co/g1JHoj7ZMd",Sat Nov 07 17:01:00 +0000 2020,0.0,0.0,1.0,0.0,1
23,@BBC,"Tonight on the #GrahamNorton show...

‚ú®Nicole Kidman!
‚ú®@kylieminogue!
‚ú®@NicolaAdamsOBE!
‚ú®@JasonManford!
‚ú®‚Ä¶ https://t.co/KDcem4YUyV",Fri Nov 06 20:01:00 +0000 2020,0.0,0.0,1.0,0.0,1
24,@BBC,"16 years after being shot by al-Qaeda, BBC security correspondent @FrankRGardner explores what it is like to sudden‚Ä¶ https://t.co/TTlerypjF4",Thu Nov 05 19:01:00 +0000 2020,0.5994,0.224,0.776,0.0,1
25,@BBC,"RT @BBCiPlayer: RuPaul‚Äôs new earrings have charisma, uniqueness, nerve and serious athletic talent.

BBC iPlayer, like nowhere else. https:‚Ä¶",Thu Nov 05 16:11:21 +0000 2020,0.6124,0.235,0.708,0.058,1
26,@BBC,"1 in 5 of us are disabled. These are our stories.

#CripTales is streaming now on @BBCiPlayer.

https://t.co/gE3fd0SNob",Wed Nov 04 17:01:00 +0000 2020,0.0,0.0,1.0,0.0,1
27,@BBC,"RT @BBCCiN: This is exactly how Pudsey warms up before the appeal show. üòú
 
To find out what on earth is going on here, tune in to Children‚Ä¶",Wed Nov 04 13:50:36 +0000 2020,0.2732,0.065,0.935,0.0,1
28,@BBC,"""We thought she was dead... I reached out to her and suddenly Elif grabbed my finger"" 

A three-year-old girl trapp‚Ä¶ https://t.co/aW7Nq0dxJN",Tue Nov 03 14:01:00 +0000 2020,-0.5994,0.057,0.769,0.174,1
29,@BBC,"Band new series #CripTales captures life-changing moments in six powerful, dramatic monologues.

Written, directed‚Ä¶ https://t.co/eN4XqwvDXS",Mon Nov 02 20:01:00 +0000 2020,0.4215,0.167,0.833,0.0,1
30,@BBC,"RT @BBCArchive: #OnThisDay 1936: The BBC launched its Television service! It is estimated a mere 400 ""lookers in"" witnessed the event https‚Ä¶",Mon Nov 02 12:19:51 +0000 2020,0.2003,0.079,0.921,0.0,1
31,@BBC,"""We'll learn, and fight, and live another night.‚Äù ü¶á 

Sink your teeth into Heirs of the Night. Streaming now on‚Ä¶ https://t.co/MAGjsqXrfq",Sun Nov 01 17:01:00 +0000 2020,-0.3818,0.0,0.885,0.115,1
32,@BBC,"The #6Nations is back! üôå

Starting with #WALvSCO from 1:45pm on @BBCOne &amp; @bbciplayer, and #FRAvIRE from 7:30pm on‚Ä¶ https://t.co/NSDbBP1Hag",Sat Oct 31 12:01:00 +0000 2020,0.0,0.0,1.0,0.0,1
33,@BBC,"Tonight on the #GrahamNortonShow...

‚ú®Jessie Buckley!
‚ú®@BillBailey!
‚ú®@octaviaspencer!
‚ú®@FrankRGardner!
‚ú®‚Ä¶ https://t.co/Gv4uVlEVs0",Fri Oct 30 20:01:00 +0000 2020,0.0,0.0,1.0,0.0,1
34,@BBC,"RT @HackerTDog: Want something fun to watch this #Halloween? Check out my birthday best bits film right here:
https://t.co/FkYVEeQmLW
Featu‚Ä¶",Fri Oct 30 15:36:22 +0000 2020,0.8316,0.341,0.659,0.0,1
35,@BBC,"RT @bbcweather: Enjoy cloud gazing? Want to know more about them? Click on the button below to send us your recent cloud snaps, and Matt Ta‚Ä¶",Fri Oct 30 10:55:47 +0000 2020,0.594,0.168,0.832,0.0,1
36,@BBC,"This is how you get demoted from bridesmaid to plus one. üíç üë∞ üòÇ  
@sarapascoe #OutOfHerMind
https://t.co/MKbccJISZN",Thu Oct 29 17:01:00 +0000 2020,0.4404,0.142,0.787,0.071,1
37,@BBC,"RT @HackerTDog: MY TOP NOTCH PAL @Linds_bluepeter INTERVIEWED @GretaThunberg FOR BLUE PETER. WATCH IT ALL HERE:
https://t.co/vQh1Ge7YKV
SHA‚Ä¶",Thu Oct 29 14:54:07 +0000 2020,0.368,0.13,0.87,0.0,1
38,@BBC,"Legendary Japanese filmmakers Studio Ghibli make the everyday magical in animated classics, such as Spirited Away a‚Ä¶ https://t.co/HA1L0dvhoF",Wed Oct 28 17:01:00 +0000 2020,0.3182,0.119,0.881,0.0,1
39,@BBC,"RT @bbcbitesize: We‚Äôre all different, and that‚Äôs a really really good thing üôå

Dads Rich and Lew have some great advice for talking to youn‚Ä¶",Wed Oct 28 16:17:50 +0000 2020,0.9036,0.327,0.673,0.0,1
40,@BBC,"The NHS wants people who have recovered from coronavirus to donate their blood plasma

It's part of a trial looking‚Ä¶ https://t.co/DkDizqhT7W",Tue Oct 27 17:01:00 +0000 2020,0.0,0.0,1.0,0.0,1
41,@BBC,"The countdown is ON! 

#HisDarkMaterials returns Sunday 8 November on @BBCOne and @BBCiPlayer.
 
üåü True fans will w‚Ä¶ https://t.co/O0BaDa48zk",Mon Oct 26 17:01:00 +0000 2020,0.4753,0.14,0.86,0.0,1
42,@BBC,"Leech therapy is a centuries-old treatment that is still used on hundreds of NHS patients every year üòÆ

#Surgeons:‚Ä¶ https://t.co/KaUY6SJ86E",Sun Oct 25 14:01:00 +0000 2020,0.0,0.0,1.0,0.0,1
43,@BBC,"BAFTA-nominated drama #Apostasy follows a Jehovah's Witness congregation in Oldham.

10pm | @bbctwo &amp; @BBCiPlayer.‚Ä¶ https://t.co/2AjR6REN5J",Sat Oct 24 19:01:00 +0000 2020,0.0,0.0,1.0,0.0,1
44,@BBC,"Tonight on the #GrahamNortonShow...

‚ú®@Springsteen!
‚ú®Kristin Scott Thomas!
‚ú® @McConaughey!
‚ú® @MawaanR!
‚ú®‚Ä¶ https://t.co/OIuIoFfQHN",Fri Oct 23 19:01:00 +0000 2020,0.6973,0.325,0.675,0.0,1
45,@BBC,"Happy 90th Birthday @BBCSO üéâ

A fitting tribute from baritone and composer @Sviceridor #BBCSOat90

https://t.co/8SAcUsoxRt",Fri Oct 23 10:48:48 +0000 2020,0.7506,0.314,0.686,0.0,1
46,@BBC,"#MockTheWeek is back!  üôå

@daraobriain hosts panellists Hugh Dennis, @tomallencomedy, @AngelaBarnes, @rhysjamesy,‚Ä¶ https://t.co/LNhE4MFxtO",Thu Oct 22 19:01:00 +0000 2020,0.0,0.0,1.0,0.0,1
47,@BBC,RT @bbcpress: #DavidTennant and @MichaelSheen return with more #Staged for @BBCOne: https://t.co/2wVydhm8vM https://t.co/ZVUEjpRTUe,Thu Oct 22 10:51:18 +0000 2020,0.0,0.0,1.0,0.0,1
48,@BBC,"Brand new series #TheNoughties takes a light-hearted look at the decade that kicked off this century.

Tonight‚Ä¶ https://t.co/kfue8npm1H",Wed Oct 21 19:01:00 +0000 2020,0.0,0.0,1.0,0.0,1
49,@BBC,"The thief who changed the world - one acorn at a time
https://t.co/DTJglgJpDU",Tue Oct 20 16:01:00 +0000 2020,-0.5267,0.0,0.779,0.221,1
50,@BBC,"One million plant and animal species face extinction, but you can make a difference.

#ExtinctionTheFacts is stream‚Ä¶ https://t.co/2TjShCrACu",Mon Oct 19 15:00:02 +0000 2020,0.0,0.0,1.0,0.0,1
51,@BBC,"What is a circuit-breaker lockdown?

https://t.co/1tf6maHGkc",Sun Oct 18 11:01:00 +0000 2020,0.0,0.0,1.0,0.0,1
52,@BBC,RT @bbcstrictly: Our couples are complete. #Strictly 2020 is go! üíú‚ú® https://t.co/sl0aLuRhcM,Sun Oct 18 10:29:03 +0000 2020,0.7777,0.361,0.639,0.0,1
53,@BBC,"Get ready to dance yourself happy... #Strictly's BACK! üíÉ‚ú®

@bbcstrictly starts tonight at 7:50pm on @BBC One and‚Ä¶ https://t.co/6Pg8t1FfB3",Sat Oct 17 16:01:00 +0000 2020,0.8313,0.328,0.672,0.0,1
54,@BBC,"Tonight on #TheGNShow...

‚ú®Arsene Wenger!
‚ú®@SamuelLJackson!
‚ú®@Dawn_French!
‚ú®@flintoff11!
‚ú®Music fromMercury Prize w‚Ä¶ https://t.co/FTPXzjledg",Fri Oct 16 19:01:00 +0000 2020,0.6671,0.271,0.729,0.0,1
55,@BBC,RT @BBCTheOneShow: Matt Baker explains a new #RickshawChallenge for 2020 taking place on the @Goodwood_Estate and the changes made to keep‚Ä¶,Thu Oct 15 18:21:00 +0000 2020,0.0,0.0,1.0,0.0,1
56,@BBC,"RT @BBCNewsPR: üá∫üá∏ We‚Äôve announced the details of the BBC #USElection2020 results coverage, led by @KattyKay_ and @afneil

Full details here‚Ä¶",Thu Oct 15 10:08:47 +0000 2020,0.0,0.0,1.0,0.0,1
57,@BBC,"Hugh Laurie and Helen McCrory star in a brand new political thriller‚Ä¶
 
#Roadkill, coming soon to @BBCOne and‚Ä¶ https://t.co/idUQSQgyv5",Wed Oct 14 16:01:00 +0000 2020,0.0,0.0,1.0,0.0,1
58,@BBC,"These specially trained sniffer dogs in Lebanon are learning to detect Covid-19 üê∂
https://t.co/9qx0xfvnmj",Tue Oct 13 16:01:00 +0000 2020,0.0,0.0,1.0,0.0,1
59,@BBC,"RT @BBCCiN: Here's a sneak peak at our special short film, coming 15 October @BBCOne üîú https://t.co/DevFP5ecxT",Tue Oct 13 08:57:59 +0000 2020,0.4019,0.137,0.863,0.0,1
60,@BBC,"""More than 12 million Africans were trafficked. More than 2 million died en route. We thought it was worth telling‚Ä¶ https://t.co/akCYMDFNBE",Mon Oct 12 16:01:00 +0000 2020,-0.4019,0.078,0.776,0.147,1
61,@BBC,.@SamuelLJackson pieces together the beginnings and methods of the trans-Atlantic slave trade ‚Äì a business that thr‚Ä¶ https://t.co/0T1mqPV5w8,Sun Oct 11 18:01:00 +0000 2020,0.0,0.0,1.0,0.0,1
62,@BBC,"""To be sober and truthful as you can, it's not going to be paradise immediately‚Ä¶"" Sir David Attenborough on humanit‚Ä¶ https://t.co/lucI19uje5",Sun Oct 11 16:01:00 +0000 2020,0.802,0.275,0.725,0.0,1
63,@BBC,"Zak (@ZakBevis) trains young wrestlers in Norwich, building their confidence and making positive change in his comm‚Ä¶ https://t.co/Nwa3BYiIso",Sat Oct 10 13:01:00 +0000 2020,0.7845,0.301,0.699,0.0,1
64,@BBC,"Tonight on #TheGNShow...

‚ú®Ewan McGregor!
‚ú®@ShirleyBallas!
‚ú®@AshleyBanjo!
‚ú®Frank Skinner!
‚ú®Music from @MileyCyrus!‚Ä¶ https://t.co/dWXcnN2uvd",Fri Oct 09 19:01:00 +0000 2020,0.0,0.0,1.0,0.0,1
65,@BBC,"‚ÄúWe owe you.‚Äù

Mick Fleetwood thanks the man behind the viral video that‚Äôs made Fleetwood Mac's Dreams a hit all ov‚Ä¶ https://t.co/G2LaxTOqQt",Fri Oct 09 17:01:00 +0000 2020,0.6808,0.219,0.781,0.0,1
66,@BBC,"RT @HackerTDog: HI COCKERS! I‚ÄôVE BEEN ANSWERING YOUR QUESTIONS! WANT TO GET TO KNOW ME MORE THAN MY LOVE OF MEAT PASTE, WIGAN AND SUE BARKE‚Ä¶",Fri Oct 09 14:41:11 +0000 2020,0.8581,0.261,0.739,0.0,1
67,@BBC,"RT @bbcasiannetwork: üö® ANTHEM ALERT üö® ""Haathon ko dhona dhona, te mask nu pauna pena'' - @iharoonrashid and his friends have come up with a‚Ä¶",Fri Oct 09 12:39:55 +0000 2020,0.7213,0.183,0.817,0.0,1
68,@BBC,"""We're in a very, very dangerous and difficult time in the environment""

Prince William launches the Earthshot Priz‚Ä¶ https://t.co/zkeEPcKsxg",Thu Oct 08 13:01:00 +0000 2020,-0.7532,0.0,0.725,0.275,1
69,@BBC,"""What animal do you like?"" üêí

Sir David Attenborough gets quizzed by two-year-old Prince Louis and his siblings. 
https://t.co/HpYjBqpx2A",Wed Oct 07 16:01:00 +0000 2020,0.3612,0.122,0.878,0.0,1
70,@BBC,"Join Jodie Whittaker, @davidwalliams, @thelizcarr and Ruth Jones as they trace their family ancestry, turning up a‚Ä¶ https://t.co/ci5N5sIkJS",Tue Oct 06 16:01:00 +0000 2020,0.296,0.115,0.885,0.0,1
71,@BBC,"The stories of ordinary people fighting for truth and justice following acts of terror.

In the Face of Terror star‚Ä¶ https://t.co/Jt5lr4rETR",Mon Oct 05 18:01:00 +0000 2020,-0.5574,0.184,0.516,0.3,1
72,@BBC,"""The currency that we deal in is the most valuable thing on the planet. It's human life.""

Brand new #Surgeons: At‚Ä¶ https://t.co/zrQKGySseX",Mon Oct 05 16:01:00 +0000 2020,0.5256,0.139,0.861,0.0,1
73,@BBC,"@BBCiPlayer @sueperkins These are Japan‚Äôs remarkable free-diving grannies, who dive to depths of 30 feet!‚Ä¶ https://t.co/lbGJjS1GbJ",Sun Oct 04 13:01:00 +0000 2020,0.5983,0.206,0.794,0.0,1
74,@BBC,"From A to ""Oh"" to Z.

#GavinAndStacey | @bbcthree

https://t.co/PjHtnwrPNV",Sat Oct 03 15:01:00 +0000 2020,0.0,0.0,1.0,0.0,1
75,@BBC,"The #GrahamNorton Show is BACK!  üôå

This week's star studded line up, both in-studio and connecting remotely...

‚ú®‚Ä¶ https://t.co/v0DsDFxjLQ",Fri Oct 02 19:01:00 +0000 2020,0.0,0.0,1.0,0.0,1
76,@BBC,"RT @BBC_TopGear: The #TopGear Ultimate Driving Mix on @BBCSounds üéµ Listen to 15 classic driving anthems handpicked by @flintoff11, @PaddyMc‚Ä¶",Fri Oct 02 18:31:42 +0000 2020,0.0,0.0,1.0,0.0,1
77,@BBC,This robot is smaller than the width of a hair  ü§Ø- and scientists hope it will be used to hunt down and destroy can‚Ä¶ https://t.co/MIWcSlXzj0,Fri Oct 02 16:01:00 +0000 2020,-0.1531,0.095,0.789,0.115,1
78,@BBC,RT @bbcpress: #ChildrenInNeed celebrates 40 fabulous years on Friday 13 November on @BBCOne: https://t.co/SEg6oCzL1p https://t.co/tD9K0XVaTi,Fri Oct 02 12:09:42 +0000 2020,0.7964,0.353,0.647,0.0,1
79,@BBC,"RT @BBCWomansHour: ""I am not crying."" üò¢ The legendary Jenni Murray @whjm signs off from Woman's Hour after 33 years. üëè

Listen to her final‚Ä¶",Thu Oct 01 16:18:50 +0000 2020,0.6259,0.17,0.83,0.0,1
80,@BBC,"A jet suit for ""flying"" paramedics is being tested by an air ambulance service in the north of England.
https://t.co/xrUVJEitkO",Wed Sep 30 16:01:00 +0000 2020,0.0,0.0,1.0,0.0,1
81,@BBC,"RT @BBCSounds: Music, radio and podcasts to move you with the Power of BBC Sounds... üéß‚ö°Ô∏èüß°

Download the app now. https://t.co/qhDE8UhNSQ",Wed Sep 30 09:06:50 +0000 2020,0.6369,0.149,0.851,0.0,1
82,@BBC,Should cars have health warnings like cigarette packets? A viewpoint from author and campaigner @AndrewSimms_uk. https://t.co/3MgenRXYqs,Tue Sep 29 16:01:00 +0000 2020,0.0772,0.134,0.749,0.118,1
83,@BBC,"Feeling stressed, agitated, overwhelmed? Here‚Äôs @DrRadha with some simple ways to avoid tipping into emotional burn‚Ä¶ https://t.co/47eKjNZEOh",Mon Sep 28 16:01:00 +0000 2020,-0.6486,0.188,0.48,0.332,1
84,@BBC,RT @thehitlistshow: #TheHitList fans @Arabelladaho and @jaadindaho are going head-to-head in a music knowledge challenge! It's the perfect‚Ä¶,Fri Sep 25 16:23:12 +0000 2020,0.1511,0.086,0.914,0.0,1
85,@BBC,"""He absolutely adores football!"" ‚öΩü¶ô

Meet Oscar - the football-mad, pitch invading alpaca who interrupted a match i‚Ä¶ https://t.co/duZXouUes1",Thu Sep 24 16:01:00 +0000 2020,0.2465,0.131,0.779,0.09,1
86,@BBC,"In this powerful and unflinching documentary, Freddie Flintoff goes on an acutely personal journey to explore the e‚Ä¶ https://t.co/TEqTAfs6pw",Wed Sep 23 16:01:00 +0000 2020,0.4215,0.135,0.865,0.0,1
87,@BBC,"RT @bbcpress: WORLD EXCLUSIVE: To mark what would have been @JohnLennon‚Äôs 80th birthday, @SeanOnoLennon is in conversation with @JulianLenn‚Ä¶",Tue Sep 22 23:10:05 +0000 2020,0.3034,0.11,0.89,0.0,1
88,@BBC,"Paradise. Perversion. Sanctuary. Sin.

#BlackNarcissus, coming this December to @BBCOne and @BBCiPlayer.

https://t.co/3tc8VmHN1M",Tue Sep 22 16:01:00 +0000 2020,-0.1779,0.209,0.498,0.294,1
89,@BBC,"#Ghosts is BACK for a brand new series! üëªüôå

8:30pm | @BBCOne &amp; @BBCiPlayer.

üëâ https://t.co/NNyJpkPHqB https://t.co/DoxSNuItcY",Mon Sep 21 19:01:00 +0000 2020,-0.3802,0.0,0.89,0.11,1
90,@BBC,RT @BBCNews: Ruth Bader Ginsburg: Supreme Court Justice dies https://t.co/WkPRyyr7iH,Sat Sep 19 08:50:20 +0000 2020,0.7906,0.467,0.533,0.0,1
91,@BBC,"RT @cbbc: Blue Peter is now on @YouTube ü•≥ Go subscribe! https://t.co/FT7pmwQ0rl
#BluePeter #YouTube #Subscribe 
@adam_byt @linds_bluepeter‚Ä¶",Thu Sep 17 16:13:06 +0000 2020,0.4389,0.145,0.855,0.0,1
92,@BBC,"""In the midst of our busy lives, the natural world can offer us a place of tranquility and rest.""

Take 3 minutes a‚Ä¶ https://t.co/0eLIbL5Tra",Thu Sep 17 16:01:00 +0000 2020,0.6486,0.194,0.806,0.0,1
93,@BBC,"Tonight on #SimpleComforts, Mary Berry discovers the hidden gems along the Thames. üçΩ 

8pm | @BBCTwo &amp; @BBCiPlayer.‚Ä¶ https://t.co/ui8szUaN6V",Wed Sep 16 18:01:00 +0000 2020,0.0,0.0,1.0,0.0,1
94,@BBC,"It‚Äôs baaaaaaaaack! Who‚Äôs excited for more #Ghosts? üëªüôå

Series Two starts Monday, 8.30pm, @BBCOne, with all episodes‚Ä¶ https://t.co/x1L2BeqGgx",Wed Sep 16 16:01:00 +0000 2020,-0.1206,0.103,0.774,0.123,1
95,@BBC,"""I do truly believe that together we can create a better future.""

Britain's favourite naturalist Sir David Attenbo‚Ä¶ https://t.co/4vdx08cFmG",Tue Sep 15 16:01:00 +0000 2020,0.7845,0.331,0.669,0.0,1
96,@BBC,"RT @bbcpress: Seven Worlds, One Planet üêã
An incredible Women's World Cup ‚öΩ
The return of Gavin and Stacey ‚ù§Ô∏è
That drum solo ü•ÅüòÇ

And so much‚Ä¶",Tue Sep 15 10:44:54 +0000 2020,0.4404,0.101,0.849,0.05,1
97,@BBC,"RT @bbcpress: üì∫ 10 TV services
‚ñ∂Ô∏è BBC iPlayer
üìª 10 national radio stations
üìç 39 local radio stations
üéß BBC Sounds
üíª 1 of the UK's most popu‚Ä¶",Tue Sep 15 06:34:00 +0000 2020,0.34,0.072,0.928,0.0,1
98,@BBC,"The boys are back with a brand new series of @BBC_TopGear
 and here's a sneak peek of what they've been up to...

Y‚Ä¶ https://t.co/x1lxJRTYrb",Mon Sep 14 16:01:00 +0000 2020,0.0,0.0,1.0,0.0,1
99,@BBC,Scientists believe that our destructive relationship with nature is putting us at greater risk of pandemic diseases‚Ä¶ https://t.co/VoC78oqw2C,Mon Sep 14 13:30:00 +0000 2020,-0.5574,0.106,0.636,0.258,1
100,@CBS,"RT @CBSSports: Welcome to Saturday at #themasters
Round 2 coverage has resumed on @CBSAllAccess and our live streams.",Sat Nov 14 15:21:44 +0000 2020,0.4588,0.15,0.85,0.0,2
101,@CBS,RT @TheTalkCBS: We put @TheNeighborhood stars @TichinaArnold and @BethBehrs TV knowledge to the test with a fun game of 'Neighborhood Watch‚Ä¶,Fri Nov 13 23:53:57 +0000 2020,0.5106,0.142,0.858,0.0,2
102,@CBS,"The team is back in action... Safely, of course. Don't miss the @MacGyverCBS Season 5 Premiere December 4th at 8/7c‚Ä¶ https://t.co/KJZZ3vjFPv",Fri Nov 13 23:24:06 +0000 2020,0.5638,0.196,0.804,0.0,2
103,@CBS,"RT @CBSAllAccess: Don't miss out on the powerful and thrilling Fall returns of @NCISLA, @NCISNewOrleans, and @swatcbs! Plus, it's a good we‚Ä¶",Fri Nov 13 22:53:27 +0000 2020,0.8603,0.369,0.631,0.0,2
104,@CBS,Sustained. https://t.co/q6zA1sIkda,Fri Nov 13 22:09:02 +0000 2020,0.0,0.0,1.0,0.0,2
105,@CBS,"RT @CBSNews: The holidays look different in 2020, but there are still ways to celebrate. Here are tips for gathering under guidelines. http‚Ä¶",Fri Nov 13 21:09:41 +0000 2020,0.7814,0.246,0.754,0.0,2
106,@CBS,"RT @TVLine: #AllRise Season 2 Will Test Lola and Mark's Friendship 'in a Huge Way' ‚Äî Plus, Watch a Tense Sneak Peek https://t.co/E3Klz1BFTQ",Fri Nov 13 21:05:54 +0000 2020,0.4215,0.188,0.725,0.087,2
107,@CBS,"We ‚ù§Ô∏è love, goodness and #BobHeartsAbishola. https://t.co/dGJHNKVma0",Fri Nov 13 21:03:10 +0000 2020,0.802,0.545,0.455,0.0,2
108,@CBS,"RT @FaceTheNation: PROGRAMMING ALERT: This Sunday's edition of @FaceTheNation will be pre-empted by @TheMasters on @CBS stations. 

You can‚Ä¶",Fri Nov 13 20:12:00 +0000 2020,0.4466,0.14,0.86,0.0,2
109,@CBS,"RT @BET: Have you heard?! The Butlers and Johnsons of @TheNeighborhood are coming to BET, tonight 8/7c, to drop an episode on y‚Äôall to get‚Ä¶",Fri Nov 13 20:08:54 +0000 2020,-0.3382,0.0,0.909,0.091,2
110,@CBS,"Congratulations to @StephenAtHome and @colbertlateshow on their 1,000th episode. We look forward to many more, no m‚Ä¶ https://t.co/FfjNg63EMm",Fri Nov 13 18:51:08 +0000 2020,0.3415,0.174,0.715,0.111,2
111,@CBS,RT @TVLine: Can #Bull Still Work His Magic in a COVID-Safe Courtroom? ‚Äî Watch a Season 5 Premiere Sneak Peek https://t.co/MzmubaAvp6 https:‚Ä¶,Fri Nov 13 01:27:52 +0000 2020,0.0,0.0,1.0,0.0,2
112,@CBS,RT @TheTalkCBS: Will Wade find ‚ù§Ô∏è love ‚ù§Ô∏è this season? #WaltonGoggins spills on tonight's season premiere of @TheUnicornCBS. ü¶Ñ https://t.co‚Ä¶,Fri Nov 13 01:04:39 +0000 2020,0.6369,0.16,0.84,0.0,2
113,@CBS,RT @AllRiseCBS: Risers! We invite you to join the #WeAllRise movement. Let the world know what you RISE FOR across social using #WeAllRise.‚Ä¶,Fri Nov 13 00:49:08 +0000 2020,0.4753,0.163,0.837,0.0,2
114,@CBS,RT @colbertlateshow: We'll see you at 11:50 PM ET/PT tonight after #TheMasters Highlights on @CBS! https://t.co/XAHHikQ1B0,Fri Nov 13 00:43:25 +0000 2020,0.0,0.0,1.0,0.0,2
115,@CBS,"RT @latelateshow: .@iamgreenfield attempts to explain the surreal experience of appearing on @PriceIsRight without an audience

https://t.c‚Ä¶",Thu Nov 12 23:21:31 +0000 2020,0.0,0.0,1.0,0.0,2
116,@CBS,"RT @CBSWatch: @TheUnicornCBS is serving up fresh new episodes, starting TONIGHT on @CBS and @CBSAllAccess! üôå

Check out why this TV gem is‚Ä¶",Thu Nov 12 22:29:18 +0000 2020,0.3802,0.101,0.899,0.0,2
117,@CBS,RT @swatcbs: Powerful. #SWAT https://t.co/nTx3BWBsO8,Thu Nov 12 22:28:27 +0000 2020,0.4215,0.412,0.588,0.0,2
118,@CBS,RT @missmayalynne: Catch me tonight as a guest co-host on Entertainment Tonight before the the Season 2 premiere of The Unicorn! Watch both‚Ä¶,Thu Nov 12 22:22:58 +0000 2020,0.4753,0.123,0.877,0.0,2
119,@CBS,Watch the Season Premiere of @TheUnicornCBS at 9:30/8:30c on CBS and @CBSAllAccess. https://t.co/RNbReNrnqz,Thu Nov 12 22:20:50 +0000 2020,0.0,0.0,1.0,0.0,2
120,@CBS,"RT @BET: Y'all are in for a treat! Tomorrow beginning at 8/7c on @BET, we‚Äôre dropping some CBS goodness on you with episodes of @TheNeighbo‚Ä¶",Thu Nov 12 21:26:45 +0000 2020,0.7177,0.207,0.793,0.0,2
121,@CBS,"RT @DollyParton: I am so excited to share my new Christmas special ‚≠êÔ∏è Join me on Sunday, December 6 at 8:30pm ET/8pm PT for ‚ÄúA Holly Dolly‚Ä¶",Thu Nov 12 21:25:17 +0000 2020,0.8584,0.313,0.687,0.0,2
122,@CBS,"RT @60Minutes: Sunday, former President Barack Obama returns to 60 Minutes for a wide-ranging interview ahead of the publication of his new‚Ä¶",Thu Nov 12 20:02:22 +0000 2020,0.0,0.0,1.0,0.0,2
123,@CBS,RT @TheVinScully: Good luck to the field at @TheMasters. 45 years ago marked my 1st time broadcasting the event for @cbs. What a year! Lee‚Ä¶,Thu Nov 12 19:49:42 +0000 2020,0.7345,0.212,0.788,0.0,2
124,@CBS,Don‚Äôt miss a moment of #themasters. Stream coverage of the tournament starting today on @CBSAllAccess and watch it‚Ä¶ https://t.co/PHrlIOsgiD,Thu Nov 12 18:56:15 +0000 2020,-0.1531,0.0,0.918,0.082,2
125,@CBS,"Ooh, we're blinded by the lights! Can't wait for @theweeknd at the #PepsiHalftime at #SBLV on CBS. üèà https://t.co/G5RBGklQ75",Thu Nov 12 17:53:16 +0000 2020,0.0,0.0,1.0,0.0,2
126,@CBS,RT @SEALTeamCBS: Special #VeteransDay message from @NeilBrownJr : https://t.co/aAbFLDt0PK,Thu Nov 12 01:19:18 +0000 2020,0.4019,0.252,0.748,0.0,2
127,@CBS,Want to watch the players take to the green at the Augusta National Golf Club for the 2020 Masters Tournament? Here‚Ä¶ https://t.co/emOnRajkAK,Thu Nov 12 01:01:19 +0000 2020,0.0772,0.058,0.942,0.0,2
128,@CBS,"RT @TheTalkCBS: .@BobAbisholaCBS stars @BillyGardell and @thefolake spill on their characters upcoming nuptial plans!
#BobHeartsAbishola ht‚Ä¶",Thu Nov 12 00:27:23 +0000 2020,0.0,0.0,1.0,0.0,2
129,@CBS,"RT @MagnumPICBS: This #VeteransDay, we take the time to honor and thank our Veterans! Thank you for your service. https://t.co/vqFp8uxAO1",Wed Nov 11 23:51:29 +0000 2020,0.8172,0.333,0.667,0.0,2
130,@CBS,"RT @PriceIsRight: It's Heroes Week, and today on #PriceIsRight, we say a heartfelt THANK YOU to our military veterans. üß° https://t.co/DX7Bv‚Ä¶",Wed Nov 11 23:48:43 +0000 2020,0.9353,0.442,0.558,0.0,2
131,@CBS,"RT @NCISNewOrleans: From Chelsea Field and all of us at #NCISNOLA, thank you for your service. #VeteransDay https://t.co/nSXumc1r0h",Wed Nov 11 23:26:27 +0000 2020,0.3612,0.128,0.872,0.0,2
132,@CBS,"RT @NCIS_CBS: This #VeteransDay, the cast of #NCIS wants to thank you for your service! https://t.co/N5M3ObYzbh",Wed Nov 11 23:26:19 +0000 2020,0.4199,0.157,0.843,0.0,2
133,@CBS,"RT @NCISLA: Today on #VeteransDay, we recognize the brave men and women who serve our country. We honor you and thank you. @BarrettFoa http‚Ä¶",Wed Nov 11 23:25:37 +0000 2020,0.8442,0.302,0.698,0.0,2
134,@CBS,RT @EW: CBS drama #SWAT felt well poised to react to the unrest since cop-community relations were already in its DNA.‚Äã https://t.co/K8IdTm‚Ä¶,Wed Nov 11 21:17:56 +0000 2020,0.4767,0.17,0.83,0.0,2
135,@CBS,"RT @etnow: .@shemarmoore says the upcoming season of @swatcbs is going to be a ‚Äúthrill ride.‚Äù 

https://t.co/PaJjgj8Gbw",Wed Nov 11 21:17:44 +0000 2020,0.0,0.0,1.0,0.0,2
136,@CBS,"RT @TVLine: #SWAT EP Previews Season 4's Personal Battles, Gives Update on Vow to Better Explore Race and Policing https://t.co/OrvIZFtJ8Z",Wed Nov 11 21:17:23 +0000 2020,0.0772,0.123,0.766,0.111,2
137,@CBS,"RT @SEALTeamCBS: From @David_Boreanaz and all of us at SEAL Team, #ThankYouForYourService. #VeteransDay https://t.co/2U4YUQOHnF",Wed Nov 11 21:11:26 +0000 2020,0.0,0.0,1.0,0.0,2
138,@CBS,Watch @shemarmoore in the two-hour @swatcbs Season Premiere TONIGHT at 9/8c on CBS and @CBSAllAccess. https://t.co/RJ2isl87bX,Wed Nov 11 20:58:14 +0000 2020,0.0,0.0,1.0,0.0,2
139,@CBS,RT @TheMasters: For 65 years CBS has broadcast the Masters to patrons in their homes. James Colgan walks through the decades of partnership‚Ä¶,Wed Nov 11 19:21:33 +0000 2020,0.0,0.0,1.0,0.0,2
140,@CBS,Join America‚Äôs favorite entertainer @DollyParton as she shares holiday classics and personal memories in her new sp‚Ä¶ https://t.co/3v6OZgAVxB,Wed Nov 11 18:52:36 +0000 2020,0.8934,0.494,0.506,0.0,2
141,@CBS,"RT @CBSAllAccess: Small team. Big dream. 
#Texas6 premieres Thanksgiving, only on CBS All Access. https://t.co/qvJ2LUq8dd https://t.co/SjIR‚Ä¶",Wed Nov 11 18:00:53 +0000 2020,0.25,0.118,0.882,0.0,2
142,@CBS,"RT @92Y: Fans of @CBS's hit comedy,  @TheUnicornCBS rejoice! Tonight at 7 pm ET, Emmy Award winning star #WaltonGoggins talks with @DEADLIN‚Ä¶",Wed Nov 11 17:52:03 +0000 2020,0.9117,0.412,0.588,0.0,2
143,@CBS,RT @rezaaslan: We got picked up ya‚Äôll! Thank you ‚Å¶@CBS‚Å©  https://t.co/I93MAsw6Cu,Wed Nov 11 17:51:32 +0000 2020,0.4199,0.218,0.782,0.0,2
144,@CBS,"We're excited to announce a new comedy from Chuck Lorre, THE UNITED STATES OF AL, joining the 2020-2021 CBS broadca‚Ä¶ https://t.co/pxRhhJ2PI2",Wed Nov 11 16:10:33 +0000 2020,0.8143,0.319,0.681,0.0,2
145,@CBS,"On this #VeteransDay and every day, we thank our nation's veterans for their service and sacrifice, and hope that t‚Ä¶ https://t.co/WkUJFqnTHC",Wed Nov 11 15:30:00 +0000 2020,0.6597,0.221,0.779,0.0,2
146,@CBS,Watch an all-new episode of #BPositive Thursday at 8:30/7:30c on CBS and @CBSAllAccess. https://t.co/YL7DL4c1Qt,Wed Nov 11 14:21:21 +0000 2020,0.0,0.0,1.0,0.0,2
147,@CBS,"RT @CBSWatch: We can hardly wait! More of your favorite @CBS shows return soon with all-new episodes.üì∫ üôå

Find out when @TheUnicornCBS‚Äîand‚Ä¶",Tue Nov 10 19:43:07 +0000 2020,0.5508,0.134,0.866,0.0,2
148,@CBS,The tradition of waking up on Thanksgiving morning with the parade continues. Join @KevinFrazier &amp; @KeltieKnight on‚Ä¶ https://t.co/9xbn2ZFeIH,Tue Nov 10 18:40:15 +0000 2020,0.296,0.115,0.885,0.0,2
149,@CBS,"RT @TheUnicornCBS: Tough, resilient, and more than capable of taking their family members down a peg‚Äî#TheUnicorn‚Äôs Natalie and @YoungSheldo‚Ä¶",Mon Nov 09 21:02:19 +0000 2020,0.3353,0.135,0.795,0.07,2
150,@CBS,"Today we announce a target of at least 50% representation of Black, Indigenous and People of Color (BIPOC) across a‚Ä¶ https://t.co/FUKhqQy6u8",Mon Nov 09 20:30:35 +0000 2020,0.0,0.0,1.0,0.0,2
151,@CBS,"RT @MacGyverCBS: Back to the action, with plenty of paperclips to spare. Season 5 of #MacGyver premieres Friday, December 4th on @CBS and @‚Ä¶",Mon Nov 09 18:16:16 +0000 2020,0.0,0.0,1.0,0.0,2
152,@CBS,RT @MagnumPICBS: Friends gather round. #MagnumPI is back on 12/4. https://t.co/HC1rVaTgbD,Mon Nov 09 18:15:54 +0000 2020,0.4767,0.237,0.763,0.0,2
153,@CBS,RT @BlueBloods_CBS: The family's getting back together 12/4. #BlueBloods returns. https://t.co/jRpNmBKEJF,Mon Nov 09 18:15:36 +0000 2020,0.0,0.0,1.0,0.0,2
154,@CBS,"Due to late #NFL game, new start times for NEW Sunday shows ONLY in East/CentralTimeZones:  
#60Minutes 7:45ET/6:45‚Ä¶ https://t.co/DHoxuDgkHg",Mon Nov 09 00:54:05 +0000 2020,0.0,0.0,1.0,0.0,2
155,@CBS,The action is going down TONIGHT. Watch a three-hour block of your favorite NCIS agents with the Season Premieres o‚Ä¶ https://t.co/Pegfkq6hSl,Sun Nov 08 18:02:08 +0000 2020,0.0258,0.12,0.763,0.116,2
156,@CBS,RT @NFLonCBS: We have a full slate of games coming your way! First Lamar Jackson and the Ravens take on Philip Rivers and the Colts. Then t‚Ä¶,Sun Nov 08 16:53:36 +0000 2020,0.0,0.0,1.0,0.0,2
157,@CBS,RT @BobAbisholaCBS: Have you ever ‚ù§Ô∏è anything as much as @BillyGardell ‚ù§Ô∏è The Steelers? @NFLonCBS https://t.co/2IEFDaOOmc,Sun Nov 08 16:42:41 +0000 2020,0.0,0.0,1.0,0.0,2
158,@CBS,"Get to the duck phone and tell your friends, we're watching @NFLonCBS today. https://t.co/jCwIAWYVVm",Sun Nov 08 15:47:36 +0000 2020,0.4767,0.193,0.807,0.0,2
159,@CBS,"It's Sunday, which means it's time to hit the field for @NFLonCBS. Watch your local game LIVE today on CBS or strea‚Ä¶ https://t.co/BZedPs1DTK",Sun Nov 08 14:30:00 +0000 2020,0.0,0.0,1.0,0.0,2
160,@CBS,"RT @NorahODonnell: TONIGHT: Our CBS News Primetime Special ""2020: AMERICA HAS DECIDED‚Äù is on at 8 pm ET/ 5 pm PT

We'll be bringing you liv‚Ä¶",Sun Nov 08 00:48:39 +0000 2020,0.4019,0.097,0.903,0.0,2
161,@CBS,"Due to a late breaking @CBSNews presentation tonight, the final 2 episodes of #ManhuntDeadlyGames won't air in ET,‚Ä¶ https://t.co/nZ7MTM4LOp",Sat Nov 07 23:18:25 +0000 2020,0.0,0.0,1.0,0.0,2
162,@CBS,"RT @CBSThisMorning: When @JoeBiden was just 29, he became one of the youngest people ever elected to the U.S. Senate. Now, he‚Äôs projected t‚Ä¶",Sat Nov 07 23:03:09 +0000 2020,0.0,0.0,1.0,0.0,2
163,@CBS,"RT @CBSNews: TONIGHT: President-elect Joe Biden and Vice President-elect Kamala Harris to deliver remarks from Wilmington, Del., at 8 p.m.‚Ä¶",Sat Nov 07 23:02:37 +0000 2020,0.0,0.0,1.0,0.0,2
164,@CBS,We live for these types of feel-good moments. An all-new Greatest #AtHomeVideos hosted by @CedEntertainer is now st‚Ä¶ https://t.co/zGH0aELJa1,Sat Nov 07 17:00:00 +0000 2020,0.6369,0.189,0.811,0.0,2
165,@CBS,RT @CBSNews: CBS News projects Joe Biden wins the presidential election with the projected win in Pennsylvania. The current electoral vote‚Ä¶,Sat Nov 07 16:33:39 +0000 2020,0.8176,0.283,0.717,0.0,2
166,@CBS,"Ready, West Coast? An all-new Greatest #AtHomeVideos hosted by @CedEntertainer starts NOW on CBS and @CBSAllAccess. https://t.co/5KVdDRKH79",Sat Nov 07 04:00:00 +0000 2020,0.7717,0.309,0.691,0.0,2
167,@CBS,We‚Äôre dying from tonight‚Äôs #AtHomeVideos. Thanks for watching with us. https://t.co/5OCO0Cs85x,Sat Nov 07 01:59:45 +0000 2020,0.4404,0.225,0.775,0.0,2
168,@CBS,"Eat your heart out, Ariel. #AtHomeVideos https://t.co/DjhlOkWrT1",Sat Nov 07 01:57:18 +0000 2020,0.6369,0.412,0.588,0.0,2
169,@CBS,For anyone who thinks that @Arielle only walks in slow motion on @LoveIslandUSA... #AtHomeVideos https://t.co/KqQsw0OwhA,Sat Nov 07 01:42:00 +0000 2020,0.0,0.0,1.0,0.0,2
170,@CBS,We actually like being ghosted this way. #AtHomeVideos https://t.co/aYgtiWKfqE,Sat Nov 07 01:33:26 +0000 2020,0.3612,0.238,0.762,0.0,2
171,@CBS,This is the type of hype crew we need in our life. #AtHomeVideo https://t.co/6bVzjFyJ29,Sat Nov 07 01:29:46 +0000 2020,0.0,0.0,1.0,0.0,2
172,@CBS,Weird. This is exactly how we live tweet the Greatest #AtHomeVideos. https://t.co/M9W7kZ2NSv,Sat Nov 07 01:23:42 +0000 2020,0.5423,0.264,0.629,0.107,2
173,@CBS,No moving violations with this traffic cop. #AtHomeVideos https://t.co/efLHYg6HPG,Sat Nov 07 01:18:04 +0000 2020,0.1471,0.232,0.585,0.184,2
174,@CBS,"We‚Äôve been on this Zoom call before. Many, many times. #AtHomeVideos https://t.co/rF0MAwOG2Q",Sat Nov 07 01:13:54 +0000 2020,0.0,0.0,1.0,0.0,2
175,@CBS,Na na na na na na na na na na na na BATDOG. #AtHomeVideos https://t.co/FlQ4QgKbYt,Sat Nov 07 01:10:40 +0000 2020,0.0,0.0,1.0,0.0,2
176,@CBS,The Fast and the Furious: Toddler Drift. #AtHomeVideos https://t.co/qrpobVVWEZ,Sat Nov 07 01:04:31 +0000 2020,-0.5719,0.0,0.684,0.316,2
177,@CBS,"Smile, you‚Äôre on camera. An all-new Greatest #AtHomeVideos hosted by @CedEntertainer starts NOW on CBS and‚Ä¶ https://t.co/ByNGvyLtzS",Sat Nov 07 01:00:01 +0000 2020,0.7717,0.309,0.691,0.0,2
178,@CBS,"RT @CBSAllAccess: Check it out! @CBS Fall TV is BACK! Stream the returns of @YoungSheldon, @MomCBS, and the new series @BPositive. Plus, en‚Ä¶",Sat Nov 07 00:54:51 +0000 2020,0.0,0.0,1.0,0.0,2
179,@CBS,"Join @NorahODonnell for another night of @CBSNews: 2020 AMERICA DECIDES, a one-hour primetime election special feat‚Ä¶ https://t.co/mo8YKLT5wn",Fri Nov 06 23:07:33 +0000 2020,0.5994,0.246,0.754,0.0,2
180,@CBS,"RT @TheTalkCBS: .@NCISNewOrleans star @ScottBakula and wife and co-star #ChelseaField, dish on the upcoming new season. We also put their r‚Ä¶",Fri Nov 06 22:55:01 +0000 2020,0.0,0.0,1.0,0.0,2
181,@CBS,Pride's back for the Season Premiere of #NCISNOLA this Sunday on CBS and @CBSAllAccess. https://t.co/0Gu2R3CwtY,Fri Nov 06 20:33:33 +0000 2020,0.0,0.0,1.0,0.0,2
182,@CBS,"RT @SEALTeamCBS: üö® Mission Update üö®

The¬†#SEALTeam Season 4 premiere is moving to December 2 at 9/8c and will be 2-HOURS! https://t.co/aPcP‚Ä¶",Fri Nov 06 18:56:48 +0000 2020,0.0,0.0,1.0,0.0,2
183,@CBS,At least she tried. Watch an all-new episode of Greatest #AtHomeVideos hosted by @CedEntertainer TONIGHT at 8/7c on‚Ä¶ https://t.co/2KAgiV76Th,Fri Nov 06 18:00:00 +0000 2020,0.6369,0.189,0.811,0.0,2
184,@CBS,RT @colbertlateshow: .@StephenAtHome helps answer your kids questions about the election. #ColbertKidQuestions https://t.co/IPRdVlWuby http‚Ä¶,Fri Nov 06 17:55:35 +0000 2020,0.3818,0.167,0.833,0.0,2
185,@CBS,"RT @NorahODonnell: We‚Äôre back at it again tonight with our all star panel bringing you the latest updates from the battlegrounds! 

Join us‚Ä¶",Fri Nov 06 02:51:03 +0000 2020,0.2244,0.099,0.837,0.064,2
186,@CBS,RT @TheUnicornCBS: Don‚Äôt sleep through the Season 2 premiere of #TheUnicorn. Thursday at 9:30/8:30c on @CBS and @CBSAllAccess https://t.co/‚Ä¶,Fri Nov 06 01:27:09 +0000 2020,0.0,0.0,1.0,0.0,2
187,@CBS,"Fall TV is BACK. The Thursday Night Lineup, with the @YoungSheldon Season Premiere, @BPositive Series Premiere and‚Ä¶ https://t.co/ipC7gV9Sd6",Fri Nov 06 01:00:00 +0000 2020,0.0,0.0,1.0,0.0,2
188,@CBS,RT @BPositive: Go inside tonight's new comedy #BPositive with this @paleycenter panel with cast and creators! https://t.co/zM5wxmpUfh,Fri Nov 06 00:27:23 +0000 2020,0.4199,0.149,0.851,0.0,2
189,@CBS,"RT @nkf: Welcome to the kidney community, @BPositive! While you bring the comedy, we‚Äôll bring the facts when you need it. Have a great seas‚Ä¶",Thu Nov 05 23:58:01 +0000 2020,0.8718,0.31,0.69,0.0,2
190,@CBS,"Join @NorahODonnell for another night of @CBSNews: 2020 AMERICA DECIDES, a one-hour primetime election special feat‚Ä¶ https://t.co/cm5Fm9TNJt",Thu Nov 05 23:54:45 +0000 2020,0.5994,0.246,0.754,0.0,2
191,@CBS,"RT @ComedyCentral: Opposites attract. Thomas Middleditch stars in @BPositive, a new comedy premiering tonight at 8:30/7:30c on @CBS. #BPosi‚Ä¶",Thu Nov 05 21:17:47 +0000 2020,0.6124,0.227,0.773,0.0,2
192,@CBS,"""Laughter is a genuinely wonderful thing to have as part of our lives, especially when the world is upside down. It‚Ä¶ https://t.co/cKJxlpkIw3",Thu Nov 05 21:01:52 +0000 2020,0.7845,0.257,0.743,0.0,2
193,@CBS,Warning: this video contains an abundance of cute. Watch an all-new episode of Greatest #AtHomeVideos TOMORROW at 8‚Ä¶ https://t.co/LgUC5yVZ6K,Thu Nov 05 19:00:01 +0000 2020,0.7003,0.281,0.625,0.094,2
194,@CBS,"""...the series really is a moveable feast of scene-stealing opportunities."" 

Check out @THR's review of new comedy‚Ä¶ https://t.co/2NSpafthn3",Thu Nov 05 17:53:41 +0000 2020,0.3818,0.133,0.867,0.0,2
195,@CBS,"RT @TheUnicornCBS: Whether you're no pants, the captain, or the boss of your friend group, you're invited to watch the Season 2 premiere of‚Ä¶",Thu Nov 05 17:47:53 +0000 2020,0.25,0.117,0.803,0.08,2
196,@CBS,RT @colbertlateshow: Follow along as A Late Show helps make sense of the Electoral College. #LSSC https://t.co/bNpy76713R,Thu Nov 05 03:28:57 +0000 2020,0.3818,0.14,0.86,0.0,2
197,@CBS,"Join @NorahODonnell for @CBSNews: 2020 AMERICA DECIDES, a one-hour primetime election special featuring the latest‚Ä¶ https://t.co/Il8vPdQRhi",Thu Nov 05 01:22:28 +0000 2020,0.5994,0.259,0.741,0.0,2
198,@CBS,"RT @BPositive: Here's a sneak peek üëÄ at the heartfelt new comedy, #BPositive, premiering tomorrow night on @CBS https://t.co/dCg3wTzYki",Wed Nov 04 22:53:35 +0000 2020,0.7184,0.261,0.739,0.0,2
199,@CBS,"RT @NCIS_CBS: Saddle up. #NCIS returns Tuesday, November 17 on @CBS and @CBSAllAccess. https://t.co/1okLwMAlnK",Wed Nov 04 22:53:05 +0000 2020,0.0,0.0,1.0,0.0,2
200,@CNN,"Citing four people familiar with the matter, The New York Times reported that Trump's personal lawyer Rudy Giuliani‚Ä¶ https://t.co/81fOnq5Mip",Sat Nov 14 17:00:11 +0000 2020,0.0258,0.058,0.942,0.0,3
201,@CNN,"In one day, nine cases meant to attack President-elect Joe Biden's win in key states were denied or dropped, adding‚Ä¶ https://t.co/8Ge0eG1oZm",Sat Nov 14 16:44:03 +0000 2020,-0.296,0.137,0.647,0.216,3
202,@CNN,Now that Ivanka Trump's and Jared Kushner's Washington political lives are over -- the question for this once-golde‚Ä¶ https://t.co/7PTeh78Az4,Sat Nov 14 16:22:38 +0000 2020,0.0,0.0,1.0,0.0,3
203,@CNN,An 85-year-old primary school in Shanghai has been lifted off the ground ‚Äî in its entirety ‚Äî and relocated using ne‚Ä¶ https://t.co/M6Is4QK9Nf,Sat Nov 14 16:01:05 +0000 2020,0.0,0.0,1.0,0.0,3
204,@CNN,Virgin Hyperloop has completed the first test of its high-speed transportation technology with humans on board. The‚Ä¶ https://t.co/QGha8vlqfw,Sat Nov 14 15:01:02 +0000 2020,0.0,0.0,1.0,0.0,3
205,@CNN,How to decline a Thanksgiving invitation due to the pandemic https://t.co/f2EH0r2WRn,Sat Nov 14 14:16:05 +0000 2020,0.0,0.0,1.0,0.0,3
206,@CNN,"‚ÄúIn my 20 years as a journalist, I‚Äôve experienced crises and devastation around the world first-hand,""‚Ä¶ https://t.co/GQ9ITrsodS",Sat Nov 14 14:01:03 +0000 2020,-0.4215,0.0,0.851,0.149,3
207,@CNN,"""I'm sick of being told that we all suck as a country.""

We listened to thousands of voicemails left by CNN viewers‚Ä¶ https://t.co/UIjjuc97gE",Sat Nov 14 13:01:06 +0000 2020,-0.7351,0.0,0.772,0.228,3
208,@CNN,"Thanksgiving in Canada fell on October 12 this year, and as family and friends gathered, it fueled a widespread sur‚Ä¶ https://t.co/E7XOlVhOd4",Sat Nov 14 12:01:03 +0000 2020,0.4767,0.134,0.866,0.0,3
209,@CNN,Here's how a Joe Biden presidency could impact the world: https://t.co/wiAM2KO0hD https://t.co/FDfPKG8WsS,Sat Nov 14 11:01:04 +0000 2020,0.0,0.0,1.0,0.0,3
210,@CNN,A California family built a 400-foot roller coaster inspired by the Matterhorn ride at Disneyland‚Ä¶ https://t.co/VlClALnJGn,Sat Nov 14 10:01:05 +0000 2020,0.4939,0.176,0.824,0.0,3
211,@CNN,"The fourth season of ""The Crown"" is dominated by two women, and neither is the Queen. Take a look at the series' Pr‚Ä¶ https://t.co/l6iirkqAJU",Sat Nov 14 09:31:05 +0000 2020,0.0,0.0,1.0,0.0,3
212,@CNN,"Due to the planet's warming climate, hurricanes are maintaining their strength after landfall for much longer, and‚Ä¶ https://t.co/twco2TxS0m",Sat Nov 14 09:01:04 +0000 2020,0.5859,0.231,0.769,0.0,3
213,@CNN,"""President Trump will return to just plain old Donald Trump in January. And in case you forgot, there are at least‚Ä¶ https://t.co/oM3V2EcBty",Sat Nov 14 08:01:09 +0000 2020,0.0,0.0,1.0,0.0,3
214,@CNN,The scientists who developed the Pfizer/BioNTech Covid-19 vaccine are a Turkish-German power couple‚Ä¶ https://t.co/EbOPFXAiKg,Sat Nov 14 07:01:04 +0000 2020,0.0,0.0,1.0,0.0,3
215,@CNN,"Chris Nikic, 21, became the first person with Down syndrome to complete an Ironman triathlon. See the moment he cro‚Ä¶ https://t.co/5mPSHDHc7G",Sat Nov 14 06:01:05 +0000 2020,0.0,0.0,1.0,0.0,3
216,@CNN,Former President Barack Obama directly confronts the racist politics of President Donald Trump in his upcoming memo‚Ä¶ https://t.co/XVmMqh6pD1,Sat Nov 14 05:01:06 +0000 2020,-0.7096,0.0,0.731,0.269,3
217,@CNN,"""Now, Mr. President, if you're listening, let your final act carry a dignity that you have failed to evidence in th‚Ä¶ https://t.co/o4P1vYkO1f",Sat Nov 14 04:31:00 +0000 2020,-0.1531,0.104,0.769,0.127,3
218,@CNN,"""He still will have 70 million people that he will try to rally around him,"" says @RepSpeier on Donald Trump's post‚Ä¶ https://t.co/cdMy2HNMEQ",Sat Nov 14 04:28:21 +0000 2020,0.0,0.0,1.0,0.0,3
219,@CNN,"A new senior adviser at the Pentagon repeatedly said the US' support for Israel was the result of ""Israeli lobby"" m‚Ä¶ https://t.co/3JzeaWSv7K",Sat Nov 14 04:01:03 +0000 2020,0.4215,0.16,0.84,0.0,3
220,@CNN,"RT @CNNSitRoom: New York Gov. Andrew Cuomo responds to Pres. Trump's comments, saying, ""luckily he won't be here"" when a vaccine arrives. h‚Ä¶",Sat Nov 14 03:58:44 +0000 2020,0.5106,0.13,0.87,0.0,3
221,@CNN,"RT @AC360: ""Ya know what? It doesn't matter,"" says @AndersonCooper.

""I was about to start off tonight telling you about you-know-who and w‚Ä¶",Sat Nov 14 03:57:30 +0000 2020,-0.0191,0.0,0.953,0.047,3
222,@CNN,"""Maybe our language is all wrong about this,"" says @donlemoncnn on how we talk about social distancing to stop the‚Ä¶ https://t.co/N1XfYaePNL",Sat Nov 14 03:55:53 +0000 2020,-0.6486,0.0,0.782,0.218,3
223,@CNN,Lawyers for the Trump campaign have dropped a lawsuit seeking a review of all ballots cast in Arizona on Election D‚Ä¶ https://t.co/LKBcbqNPHt,Sat Nov 14 03:32:05 +0000 2020,-0.2263,0.0,0.917,0.083,3
224,@CNN,"Funding for body cameras for sheriff's deputies in Kenosha County, Wisconsin, has been approved by the county board https://t.co/KPhojHBUu0",Sat Nov 14 03:20:50 +0000 2020,0.4215,0.135,0.865,0.0,3
225,@CNN,"This week, there will be some not so familiar sights in the sky: seven planets will be visible at various points in‚Ä¶ https://t.co/iNfpzyhJFv",Sat Nov 14 03:17:46 +0000 2020,0.0,0.0,1.0,0.0,3
226,@CNN,"Those responding to Kim Ng becoming the first woman and Asian American to be an MLB GM with celebration are right,‚Ä¶ https://t.co/P8kQ5DILqI",Sat Nov 14 03:07:31 +0000 2020,0.0,0.0,1.0,0.0,3
227,@CNN,"""He tries to bully people""

New York Gov. Andrew Cuomo has accused President Trump of trying to use a potential Cov‚Ä¶ https://t.co/CVVUaytuqw",Sat Nov 14 02:51:14 +0000 2020,-0.6597,0.0,0.787,0.213,3
228,@CNN,"As President Trump refuses to acknowledge the reality that he lost the election, his Republican allies have backed‚Ä¶ https://t.co/3iirjRSSMZ",Sat Nov 14 02:47:05 +0000 2020,-0.3182,0.0,0.887,0.113,3
229,@CNN,"California, which this week announced its 1 millionth Covid-19 case, is seeing the fastest rate of increase in the‚Ä¶ https://t.co/3xEnAo5aZ7",Sat Nov 14 02:44:25 +0000 2020,0.3182,0.108,0.892,0.0,3
230,@CNN,"More than 160,000 new coronavirus cases have been reported today in the US, according to Johns Hopkins University d‚Ä¶ https://t.co/j0NkhTAAE6",Sat Nov 14 02:34:33 +0000 2020,0.0,0.0,1.0,0.0,3
231,@CNN,The George Floyd Memorial Foundation has teamed up with Texas A&amp;M University-Commerce to launch an internship progr‚Ä¶ https://t.co/1a2i7GAO6g,Sat Nov 14 02:26:49 +0000 2020,0.0,0.0,1.0,0.0,3
232,@CNN,Read former White House chief of staff John Kelly's full statement: https://t.co/WsGCKnZ0hr,Sat Nov 14 02:18:39 +0000 2020,0.0,0.0,1.0,0.0,3
233,@CNN,Former White House chief of staff John Kelly has lambasted President Trump for not helping with the transition to a‚Ä¶ https://t.co/9aGOLuq1BG,Sat Nov 14 02:16:54 +0000 2020,-0.2235,0.0,0.914,0.086,3
234,@CNN,"A field hospital is to reopen in an area of Massachusetts that has Covid-19 cases ""trending in the wrong direction,‚Ä¶ https://t.co/FvdDC901Mq",Sat Nov 14 02:10:16 +0000 2020,-0.4767,0.0,0.866,0.134,3
235,@CNN,Retail drug chain Walgreens says it is ‚Äúrapidly expanding‚Äù its ultra-cold storage capabilities to accommodate a pot‚Ä¶ https://t.co/bAOmgwECfV,Sat Nov 14 02:07:39 +0000 2020,0.0,0.0,1.0,0.0,3
236,@CNN,"With races still to be called, at least 141 women will serve in Congress next year, breaking the record of 127 set‚Ä¶ https://t.co/mw7R3wa5GQ",Sat Nov 14 01:50:35 +0000 2020,0.0,0.0,1.0,0.0,3
237,@CNN,"Phoenix police officials are reviewing the investigation into the death of Lori Vallow's third husband.

Vallow and‚Ä¶ https://t.co/uGBu7pUKSH",Sat Nov 14 01:27:56 +0000 2020,-0.5994,0.0,0.813,0.187,3
238,@CNN,"A former manager for R. Kelly, who faces criminal charges of his own, is in the middle of plea negotiations, prosec‚Ä¶ https://t.co/Tiu1eDEsYJ",Sat Nov 14 01:14:19 +0000 2020,-0.6705,0.0,0.784,0.216,3
239,@CNN,A group of federal prosecutors has urged AG William Barr to rescind his order for any prosecutor to examine allegat‚Ä¶ https://t.co/2iRxBdsgzc,Sat Nov 14 00:56:48 +0000 2020,0.0,0.0,1.0,0.0,3
240,@CNN,Two judges in Pennsylvania have tossed a half dozen court cases the Trump campaign had brought to invalidate thousa‚Ä¶ https://t.co/yaBULTctfg,Sat Nov 14 00:27:08 +0000 2020,0.0,0.0,1.0,0.0,3
241,@CNN,"The college football season appears to be in disarray after a 15th Division I game, scheduled for this Saturday, wa‚Ä¶ https://t.co/1QlionBFud",Sat Nov 14 00:13:54 +0000 2020,0.0,0.0,1.0,0.0,3
242,@CNN,Secretary of State Pompeo will go to Europe and the Middle East in a seven-country trip that will include a stop at‚Ä¶ https://t.co/whFpV4EerB,Sat Nov 14 00:01:02 +0000 2020,-0.296,0.0,0.909,0.091,3
243,@CNN,"The Carter Center will monitor the ongoing hand recount of the 2020 presidential election in Georgia to ""help bolst‚Ä¶ https://t.co/aFgJY9QBwN",Fri Nov 13 23:54:41 +0000 2020,0.7096,0.247,0.753,0.0,3
244,@CNN,Tropical Storm Iota has been named by the National Hurricane Center. Iota is the 30th named storm this year and the‚Ä¶ https://t.co/BjRkMettt3,Fri Nov 13 23:29:07 +0000 2020,0.0,0.0,1.0,0.0,3
245,@CNN,"Thanksgiving in Canada fell on October 12 this year, and as family and friends gathered, it fueled a widespread sur‚Ä¶ https://t.co/Zx80UxpogJ",Fri Nov 13 23:12:34 +0000 2020,0.4767,0.134,0.866,0.0,3
246,@CNN,"A new senior adviser at the Pentagon repeatedly said the US' support for Israel was the result of ""Israeli lobby"" m‚Ä¶ https://t.co/262vMgr5zW",Fri Nov 13 23:11:03 +0000 2020,0.4215,0.16,0.84,0.0,3
247,@CNN,A Kentucky judge overseeing the case of a former police officer charged for his alleged actions during the raid at‚Ä¶ https://t.co/nVc7mmmb2B,Fri Nov 13 23:08:26 +0000 2020,-0.2023,0.0,0.917,0.083,3
248,@CNN,"With the US on the cusp of a coronavirus vaccine, states are scrambling to nail down their distribution plans as th‚Ä¶ https://t.co/ljucToLt7b",Fri Nov 13 22:47:32 +0000 2020,0.0,0.0,1.0,0.0,3
249,@CNN,He languished in prison for decades on a 505-year sentence. Now a judge is setting the convicted cartel money laund‚Ä¶ https://t.co/w0GcFVzTko,Fri Nov 13 22:46:16 +0000 2020,-0.4588,0.055,0.805,0.14,3
250,@CNN,"""Marjorie needs to get a reality check... her freedom ends where everybody else's begin,"" says Dr. Jorge Rodriguez,‚Ä¶ https://t.co/JM4LbBYJKu",Fri Nov 13 22:18:34 +0000 2020,0.6369,0.189,0.811,0.0,3
251,@CNN,"Hollyanne Milley, the wife of Joint Chiefs of Staff Chairman Mark Milley, came to the rescue during a Veterans Day‚Ä¶ https://t.co/HobmLxJPz5",Fri Nov 13 22:05:02 +0000 2020,0.5106,0.142,0.858,0.0,3
252,@CNN,"The Miami Marlins have hired Kim Ng to be the team's new general manager, making her the first woman GM and first A‚Ä¶ https://t.co/ZVLCfWOxEQ",Fri Nov 13 22:00:00 +0000 2020,0.0,0.0,1.0,0.0,3
253,@CNN,"New York City's public school system, the nation's largest, could shut down all classrooms as early as Monday in th‚Ä¶ https://t.co/7o3vDxLMtn",Fri Nov 13 21:57:19 +0000 2020,0.0,0.0,1.0,0.0,3
254,@CNN,The Trump administration official in charge of helping states secure their elections has ramped up his efforts to r‚Ä¶ https://t.co/9sGS1xHuN9,Fri Nov 13 21:51:23 +0000 2020,0.5574,0.204,0.796,0.0,3
255,@CNN,"Wall Street rallied into the close on Friday, finishing the day sharply higher as investors shrugged off worries ov‚Ä¶ https://t.co/icZ72eXLaz",Fri Nov 13 21:30:40 +0000 2020,-0.4215,0.0,0.872,0.128,3
256,@CNN,"This week, there will be some not so familiar sights in the sky: several planets that make up our solar system will‚Ä¶ https://t.co/D0IfCPMoGo",Fri Nov 13 21:12:46 +0000 2020,0.0,0.0,1.0,0.0,3
257,@CNN,"""There's no secret to what Supreme Court Justice Samuel Alito wants for the law in America. He said it out loud Thu‚Ä¶ https://t.co/h1azjRiCSM",Fri Nov 13 20:57:17 +0000 2020,0.7003,0.24,0.685,0.075,3
258,@CNN,A senior federal election security official who was appointed by President Trump has blasted the President's false‚Ä¶ https://t.co/DRZFhjUtyy,Fri Nov 13 20:30:38 +0000 2020,0.34,0.124,0.876,0.0,3
259,@CNN,"On Thursday, more than 150,000 Covid-19 cases were reported in a single day in the US for the first time. 
https://t.co/PyuoqFIRNh",Fri Nov 13 20:10:02 +0000 2020,0.0,0.0,1.0,0.0,3
260,@CNN,"A defiant Nancy Pelosi said she doesn't take responsibility for suffering losses in House races last week, while di‚Ä¶ https://t.co/C8nBLddaFB",Fri Nov 13 20:07:10 +0000 2020,-0.7717,0.0,0.688,0.312,3
261,@CNN,"Due to the planet's warming climate, hurricanes are maintaining their strength after landfall for much longer, and‚Ä¶ https://t.co/CfOqHLFlnl",Fri Nov 13 20:05:06 +0000 2020,0.5859,0.231,0.769,0.0,3
262,@CNN,Hollywood actor Emma Roberts has become the first pregnant woman to grace the cover of Cosmopolitan magazine‚Ä¶ https://t.co/3sX3Gu1an3,Fri Nov 13 20:00:19 +0000 2020,0.4215,0.141,0.859,0.0,3
263,@CNN,"The world watched as California and the Amazon went up in flames this year, but the largest tropical wetland on ear‚Ä¶ https://t.co/TunuE8hEMf",Fri Nov 13 19:55:06 +0000 2020,0.09,0.06,0.94,0.0,3
264,@CNN,"Friday is World Kindness Day. Here are 25 ways to be kind to yourself, your family and community, and the planet to‚Ä¶ https://t.co/2MN4sUqDMA",Fri Nov 13 19:50:04 +0000 2020,0.7506,0.234,0.766,0.0,3
265,@CNN,"""It is time that we move on. It's time that we heal, it's time that we support our President-elect."" This is what C‚Ä¶ https://t.co/muMxc3eL9z",Fri Nov 13 19:45:08 +0000 2020,0.4019,0.105,0.895,0.0,3
266,@CNN,New Japanese theme park attraction lets guests zipline into Godzilla's mouth https://t.co/XPcs3lVZnf https://t.co/dYdWl2ba7V,Fri Nov 13 19:40:08 +0000 2020,0.4588,0.2,0.8,0.0,3
267,@CNN,"CNN PROJECTION: President-elect Joe Biden wins Georgia, flipping the traditionally red state, and Donald Trump wins‚Ä¶ https://t.co/YPmy5G1TzP",Fri Nov 13 19:38:42 +0000 2020,0.5719,0.188,0.812,0.0,3
268,@CNN,"Taking breaths every few words, a nurse struggled to record a video for his family hours before he died of Covid-19‚Ä¶ https://t.co/EOoiQWLONC",Fri Nov 13 19:35:05 +0000 2020,-0.7184,0.0,0.769,0.231,3
269,@CNN,China has offered its congratulations to United States President-elect Joe Biden and his running mate Kamala Harris‚Ä¶ https://t.co/IE5ZYFOYOi,Fri Nov 13 19:30:13 +0000 2020,0.7717,0.295,0.705,0.0,3
270,@CNN,"CNN PROJECTION: President-elect Joe Biden wins Georgia, flipping the traditionally red state, and Donald Trump wins‚Ä¶ https://t.co/t0q8qvKjUz",Fri Nov 13 19:27:13 +0000 2020,0.5719,0.188,0.812,0.0,3
271,@CNN,A law firm representing President Trump's campaign in a controversial and long-shot attempt to block Pennsylvania's‚Ä¶ https://t.co/rZSeGznj3l,Fri Nov 13 19:25:03 +0000 2020,-0.5719,0.0,0.761,0.239,3
272,@CNN,Former President Barack Obama directly confronts the racist politics of President Donald Trump in his upcoming memo‚Ä¶ https://t.co/QHo2SELP3A,Fri Nov 13 19:20:06 +0000 2020,-0.7096,0.0,0.731,0.269,3
273,@CNN,President Donald Trump had predicted that the media would stop talking about the Covid-19 pandemic the day after th‚Ä¶ https://t.co/RGDJJTC3Ql,Fri Nov 13 19:15:05 +0000 2020,-0.296,0.0,0.896,0.104,3
274,@CNN,"""It's tempting to say that President Donald Trump's loss of Arizona is the revenge of the late US Sen. John McCain,‚Ä¶ https://t.co/V5bt1PyWUV",Fri Nov 13 19:10:09 +0000 2020,-0.6908,0.0,0.778,0.222,3
275,@CNN,"Italy reports 40,000 new Covid-19 cases in 24 hours, the largest daily increase since the pandemic started. https://t.co/SqaXT2jsHZ",Fri Nov 13 19:05:05 +0000 2020,0.3182,0.119,0.881,0.0,3
276,@CNN,"‚ÄúIn my 20 years as a journalist, I‚Äôve experienced crises and devastation around the world first-hand,""‚Ä¶ https://t.co/UVg20pO4CR",Fri Nov 13 19:00:18 +0000 2020,-0.4215,0.0,0.851,0.149,3
277,@CNN,"A Michigan state judge has rejected an attempt to block the certification of Joe Biden's win in Detroit, which help‚Ä¶ https://t.co/GBdoLvlhrt",Fri Nov 13 18:54:39 +0000 2020,-0.34,0.136,0.643,0.221,3
278,@CNN,"JUST IN: Amid the UK‚Äôs grave second wave of Covid-19 and its final act of Brexit, British Prime Minister Boris John‚Ä¶ https://t.co/qCdOmCFT5k",Fri Nov 13 18:40:03 +0000 2020,-0.3818,0.0,0.89,0.11,3
279,@CNN,JUST IN: Lawyers for the Trump campaign have dropped a lawsuit seeking a review of all ballots cast in Arizona on E‚Ä¶ https://t.co/7Os66LqVo2,Fri Nov 13 18:20:04 +0000 2020,-0.2263,0.0,0.921,0.079,3
280,@CNN,TikTok has been granted a two-week extension to persuade US officials that its proposed deal with Oracle and Walmar‚Ä¶ https://t.co/QoRPcvQ08g,Fri Nov 13 18:15:08 +0000 2020,0.25,0.095,0.905,0.0,3
281,@CNN,Several dozen Secret Service officers have either tested positive for coronavirus or are self-isolating after close‚Ä¶ https://t.co/lDkMVpS4mu,Fri Nov 13 18:10:09 +0000 2020,0.5574,0.184,0.816,0.0,3
282,@CNN,"A human error that briefly led to incorrect election results in a Michigan county has spiraled into a sprawling, ba‚Ä¶ https://t.co/w99bkoszzR",Fri Nov 13 18:03:31 +0000 2020,-0.4019,0.0,0.881,0.119,3
283,@CNN,"In October, doctors told a Utah woman that her 56-year-old mom wouldn't survive Covid-19. Minutes later, she found‚Ä¶ https://t.co/wqiySXHBIo",Fri Nov 13 17:24:03 +0000 2020,0.0,0.0,1.0,0.0,3
284,@CNN,"""It is time that we move on. It's time that we heal, it's time that we support our President-elect."" This is what C‚Ä¶ https://t.co/ExWFp9uVTb",Fri Nov 13 16:42:39 +0000 2020,0.4019,0.105,0.895,0.0,3
285,@CNN,Clerics conducting Jewish and Muslim burials during the pandemic have been forced to reconcile emergency measures w‚Ä¶ https://t.co/71LuS3Vkj3,Fri Nov 13 16:32:42 +0000 2020,-0.6808,0.0,0.741,0.259,3
286,@CNN,"‚ÄúWe all know that Donald Trump is a long way from honest Abe, but make no mistake ‚Äî disinformation is dangerous, it‚Ä¶ https://t.co/Cv6zVvfuna",Fri Nov 13 16:23:23 +0000 2020,-0.1144,0.163,0.693,0.144,3
287,@CNN,"Some US schools will shut down as Covid-19 surges. Europe closed restaurants and bars instead.

Here's how those de‚Ä¶ https://t.co/3picxAY46k",Fri Nov 13 15:45:09 +0000 2020,0.0,0.0,1.0,0.0,3
288,@CNN,"""I'm just gonna be the best that I can be at whatever age I am,"" Dolly Parton told Oprah Winfrey, who asked the leg‚Ä¶ https://t.co/KDvNFalzPp",Fri Nov 13 15:30:05 +0000 2020,0.6369,0.149,0.851,0.0,3
289,@CNN,"Nursing homes and assisted living centers are holding memorials for people who've died from Covid-19, having chapla‚Ä¶ https://t.co/hENEA4JDQU",Fri Nov 13 15:24:43 +0000 2020,-0.5574,0.0,0.825,0.175,3
290,@CNN,"RT @NewDay: ""My kids don't get their grandma. My mom will never see my kids get married.""

As Covid-19 surges in Utah, the governor issued‚Ä¶",Fri Nov 13 15:21:49 +0000 2020,0.0,0.0,1.0,0.0,3
291,@CNN,"Whether you are superstitious or not, you can't escape the chatter circling the spookiest calendar date. https://t.co/cklOluowTt",Fri Nov 13 15:10:06 +0000 2020,0.0985,0.08,0.92,0.0,3
292,@CNN,A law firm representing President Trump's campaign in a controversial and long-shot attempt to block Pennsylvania's‚Ä¶ https://t.co/ep2rG2LwlR,Fri Nov 13 15:03:07 +0000 2020,-0.5719,0.0,0.761,0.239,3
293,@CNN,No one in the Obama administration was more central to the efforts to revive the economy than Joe Biden. While that‚Ä¶ https://t.co/9hFQF1hvPH,Fri Nov 13 14:56:47 +0000 2020,0.0516,0.098,0.813,0.089,3
294,@CNN,"RT @NewDay: 2020 has been a hard year but there have been moments of joy, says @andersoncooper as he shares a video of his son Wyatt. https‚Ä¶",Fri Nov 13 14:15:55 +0000 2020,0.8316,0.241,0.723,0.036,3
295,@CNN,"From the fight for social justice to the battle against Covid-19, people around the world came together in moments‚Ä¶ https://t.co/YOUu62hYST",Fri Nov 13 14:15:00 +0000 2020,-0.2023,0.133,0.664,0.203,3
296,@CNN,Hollywood actor Emma Roberts has become the first pregnant woman to grace the cover of Cosmopolitan magazine‚Ä¶ https://t.co/rN8E5DMsJx,Fri Nov 13 14:00:06 +0000 2020,0.4215,0.141,0.859,0.0,3
297,@CNN,"Faced with a lag in the transition process, Joe Biden's team is working around the hurdles President Trump has crea‚Ä¶ https://t.co/avnJAwdlGP",Fri Nov 13 13:45:06 +0000 2020,-0.34,0.0,0.893,0.107,3
298,@CNN,"Friday is World Kindness Day. Here are 25 ways to be kind to yourself, your family and community, and the planet to‚Ä¶ https://t.co/ZWuY8Bx5rF",Fri Nov 13 13:32:07 +0000 2020,0.7506,0.234,0.766,0.0,3
299,@CNN,There's a renewed push to get Chad Wolf confirmed as Homeland Security secretary ‚Äî a position in which he's been se‚Ä¶ https://t.co/U9XgXfedUF,Fri Nov 13 13:17:27 +0000 2020,0.34,0.103,0.897,0.0,3
300,@FoxNews,"Crowds of President Trump supporters are gathering in Washington, D.C., for demonstrations.
https://t.co/CFjfqxKZI2",Sat Nov 14 16:33:21 +0000 2020,0.4404,0.195,0.805,0.0,4
301,@FoxNews,"As violent crime surges across the nation of 126 million, activists are asking if it's time to loosen firearms rest‚Ä¶ https://t.co/xZI0YrXkML",Sat Nov 14 15:58:46 +0000 2020,-0.8126,0.0,0.72,0.28,4
302,@FoxNews,"The U.S. Army announced the deaths of five soldiers who were part of peacekeeping operations.
https://t.co/DlXdpHE8Y7",Sat Nov 14 14:05:27 +0000 2020,0.4588,0.167,0.833,0.0,4
303,@FoxNews,"Acting Defense Secretary Christopher Miller shared his first message with U.S. troops.
https://t.co/1AXg2Lujlw",Sat Nov 14 12:29:26 +0000 2020,0.4404,0.262,0.738,0.0,4
304,@FoxNews,"Miami Republicans flipped seats in two South Florida congressional districts.
https://t.co/1GgMBnmJW2",Sat Nov 14 11:55:12 +0000 2020,0.0,0.0,1.0,0.0,4
305,@FoxNews,Pelosi scraps in-person dinner with new Democrat members of Congress after photo sparks backlash during COVID https://t.co/P3UvklVoR3,Sat Nov 14 02:27:02 +0000 2020,0.0,0.0,1.0,0.0,4
306,@FoxNews,RT @FoxBusiness: Wegmans joins Costco in dropping coconut milk after monkey abuse complaints https://t.co/rzT8iPLbG5,Sat Nov 14 01:00:10 +0000 2020,-0.7845,0.0,0.635,0.365,4
307,@FoxNews,"RT @FoxBusiness: Fueled by coronavirus pandemic, home prices surge across US https://t.co/Onwyo8Vjqp",Sat Nov 14 01:00:01 +0000 2020,0.0,0.0,1.0,0.0,4
308,@FoxNews,Pelosi gets backlash for planned dinner for Democrats as COVID cases rise https://t.co/P3UvklVoR3,Sat Nov 14 00:58:29 +0000 2020,0.0,0.0,1.0,0.0,4
309,@FoxNews,Geraldo details conversation with Trump about election results https://t.co/us8KjrO8nF,Sat Nov 14 00:26:39 +0000 2020,0.0,0.0,1.0,0.0,4
310,@FoxNews,Biden HUD secretary frontrunner praised top communist as her 'mentor' https://t.co/4dWPsXQpTA,Fri Nov 13 23:31:12 +0000 2020,0.6124,0.357,0.643,0.0,4
311,@FoxNews,Chicago mayor defends appearing at large Biden celebration days before issuing Thanksgiving lockdown https://t.co/eGrEsoBb5B,Fri Nov 13 22:57:48 +0000 2020,0.0,0.0,1.0,0.0,4
312,@FoxNews,Trump calls out Cuomo on stunting vaccine distribution during Rose Garden speech https://t.co/EFmsSk9OpR,Fri Nov 13 22:52:08 +0000 2020,0.0,0.0,1.0,0.0,4
313,@FoxNews,Calif. Gov. Newsom attended party last week as state prepares for Thanksgiving limitations: Report https://t.co/AS8AJUwZi9,Fri Nov 13 22:29:40 +0000 2020,0.4019,0.162,0.838,0.0,4
314,@FoxNews,Trump projected to win this additional state after prolonged post-Election Day vote count https://t.co/nYtdzB0X9L,Fri Nov 13 21:01:24 +0000 2020,0.5859,0.226,0.774,0.0,4
315,@FoxNews,New York GOP congresswoman-elect reveals interest in forming House anti-socialist 'Squad' https://t.co/1WNKzPBHj0,Fri Nov 13 20:50:30 +0000 2020,0.4588,0.214,0.786,0.0,4
316,@FoxNews,Biden's picks for transition team the latest sign of a radically different approach to immigration https://t.co/hriZO8n2xT,Fri Nov 13 20:46:11 +0000 2020,0.0,0.0,1.0,0.0,4
317,@FoxNews,"Ga. Democratic Senate hopeful Warnock hits back against Loeffler campaign attacks in new ads of his own
https://t.co/uFWmU9VFjt",Fri Nov 13 18:33:35 +0000 2020,0.1027,0.149,0.721,0.131,4
318,@FoxNews,"Louisville police accused of concealing records on officer abuse of Explorer Scouts
https://t.co/0wvYdHVx1Q",Fri Nov 13 17:25:57 +0000 2020,-0.7506,0.0,0.632,0.368,4
319,@FoxNews,"Serious injuries reported in explosion at Connecticut VA hospital
https://t.co/eLB0unsBwF",Fri Nov 13 15:54:21 +0000 2020,-0.0772,0.0,0.874,0.126,4
320,@FoxNews,"Arkansas suspect who fatally shot police officer captured in Mississippi: officials
https://t.co/Ob36IyJAsk",Fri Nov 13 15:53:58 +0000 2020,-0.7506,0.0,0.61,0.39,4
321,@FoxNews,"'We need to stop being so reactionary': AOC fires back at teen when asked about defunding police
https://t.co/UEdagK9szn",Fri Nov 13 14:32:35 +0000 2020,-0.296,0.0,0.885,0.115,4
322,@FoxNews,"Georgia begins hand recount amid GOP infighting in state
https://t.co/mjMnR7wLNN",Fri Nov 13 13:49:39 +0000 2020,0.4939,0.262,0.738,0.0,4
323,@FoxNews,"Bernie Sanders blasts 'corporate Democrats' for attacking progressive policies
https://t.co/DLZDaMFPua",Fri Nov 13 13:42:45 +0000 2020,-0.4588,0.0,0.75,0.25,4
324,@FoxNews,"RT @FoxBusiness: Biden could alter Big Tech's Section 230 protections, reinstate 'net neutrality' https://t.co/tZY39BiDfU",Fri Nov 13 12:57:31 +0000 2020,0.0,0.0,1.0,0.0,4
325,@FoxNews,"House Minority Leader McCarthy: When given choice between socialism and freedom, voters spoke up
https://t.co/VRoc1YxyjN",Fri Nov 13 12:57:19 +0000 2020,0.6369,0.231,0.769,0.0,4
326,@FoxNews,"Supreme Court justice raises alarm over growing intolerance, acceptance of restrictions on liberty
https://t.co/WnjV91Q3Tx",Fri Nov 13 12:16:32 +0000 2020,0.9136,0.592,0.314,0.094,4
327,@FoxNews,AOC hits Joe Manchin with a stone-cold death stare after moderate Dem opposes 'crazy socialist agenda' https://t.co/g2pgVIcg53,Fri Nov 13 02:18:20 +0000 2020,-0.743,0.0,0.704,0.296,4
328,@FoxNews,NY Times reporter tweets profane coronavirus message https://t.co/K5jQ17kVbZ,Fri Nov 13 02:16:56 +0000 2020,0.0,0.0,1.0,0.0,4
329,@FoxNews,Senate Republican re-election arm touts ‚Äòmajor investments‚Äô in Georgia runoffs https://t.co/408w1j0MVO,Fri Nov 13 02:14:57 +0000 2020,-0.0258,0.0,0.901,0.099,4
330,@FoxNews,Biden cabinet favorite vouched for domestic abuser's character -- then he murdered his ex-wife https://t.co/zVbHaV1a2h,Thu Nov 12 23:24:49 +0000 2020,-0.34,0.147,0.637,0.216,4
331,@FoxNews,"Obama says 'jury's still out' on whether American democracy can work in presidential memoir
https://t.co/9v8hfbNTdp",Thu Nov 12 23:23:14 +0000 2020,0.0,0.0,1.0,0.0,4
332,@FoxNews,DOJ finds ‚Äòpoor judgment‚Äô but no misconduct by Alexander Acosta in Jeffrey Epstein sex trafficking case https://t.co/kpqiZYHDQ0,Thu Nov 12 21:50:41 +0000 2020,-0.4215,0.0,0.851,0.149,4
333,@FoxNews,RT @FoxBusiness: 2020 Christmas shipping deadlines: Here's when you need to mail gifts https://t.co/MpsVaMCvvw,Thu Nov 12 21:35:20 +0000 2020,0.0,0.0,1.0,0.0,4
334,@FoxNews,"RT @FoxBusiness: Bitcoin reaches $16K, highest level since 2018 https://t.co/KOSnNfeYEa",Thu Nov 12 21:34:55 +0000 2020,0.0516,0.118,0.882,0.0,4
335,@FoxNews,Judge dismisses Trump campaign‚Äôs libel lawsuit against CNN after court finds no malice https://t.co/zHgfDpsq6E,Thu Nov 12 21:34:05 +0000 2020,-0.4767,0.0,0.745,0.255,4
336,@FoxNews,"Twitter remains 'vigilant' in protecting 'integrity' of election conversation, flags 300K tweets as misleading https://t.co/CxClX9O6gy",Thu Nov 12 21:31:43 +0000 2020,0.1531,0.226,0.632,0.142,4
337,@FoxNews,Nikki Haley warns of Bernie Sanders as next Senate budget chair if Dems win Georgia races https://t.co/dyOFaiHMSh,Thu Nov 12 21:26:44 +0000 2020,0.5267,0.188,0.743,0.069,4
338,@FoxNews,"Judge: Pa. secretary of state overstepped authority by changing election identification deadline
https://t.co/U0UgHVIiKw",Thu Nov 12 18:35:28 +0000 2020,0.0772,0.098,0.902,0.0,4
339,@FoxNews,"Senior State official: Expect a steady stream of sanctions on Iran through end of the administration
https://t.co/GZRX88Dxmu",Thu Nov 12 18:15:19 +0000 2020,0.0,0.0,1.0,0.0,4
340,@FoxNews,"Children's doctor suspected in 'racially motivated' attack on Southern University student-athlete arrested
https://t.co/nx45am31Q4",Thu Nov 12 18:02:56 +0000 2020,-0.6249,0.149,0.448,0.403,4
341,@FoxNews,"Graham to counter 'tsunami of liberal money' by donating $1M to help Georgia Senate candidates
https://t.co/XHtLpRqIPf",Thu Nov 12 17:12:58 +0000 2020,0.4019,0.153,0.847,0.0,4
342,@FoxNews,"LA 'defund' police budget cuts force department to dissolve sexual assault unit that investigated Weinstein
https://t.co/Az5afVev8v",Thu Nov 12 16:59:08 +0000 2020,-0.7184,0.0,0.7,0.3,4
343,@FoxNews,"Republicans hope to put Chuck Schumer in spotlight amid Georgia runoffs and battle for Senate control
https://t.co/TmqJm1K9OB",Thu Nov 12 16:33:26 +0000 2020,0.0772,0.141,0.732,0.127,4
344,@FoxNews,"Suzanne Morphew case: Colorado authorities renew call for info on missing mom 6 months after disappearance
https://t.co/ryqgtyQmPo",Thu Nov 12 16:06:00 +0000 2020,-0.296,0.0,0.879,0.121,4
345,@FoxNews,"Top Democrats jockeying for Biden Cabinet posts see hopes shrink after lackluster election results
https://t.co/e4YZ02b79m",Thu Nov 12 15:47:25 +0000 2020,0.5574,0.261,0.739,0.0,4
346,@FoxNews,"5 American troops killed in military helicopter crash off Egypt's Sinai Peninsula
https://t.co/LGg8y93La4",Thu Nov 12 14:50:26 +0000 2020,-0.802,0.0,0.604,0.396,4
347,@FoxNews,"'Disgusting': GOP campaign demands answers as allegations against Democratic Ga. Senate candidate resurface
https://t.co/SQuMnWQCZD",Thu Nov 12 14:13:11 +0000 2020,-0.5267,0.0,0.793,0.207,4
348,@FoxNews,"RT @FoxBusiness: JUST IN: Another 709,000 Americans filed for jobless aid last week https://t.co/Hi3777vxJ4",Thu Nov 12 14:12:09 +0000 2020,0.0,0.0,1.0,0.0,4
349,@FoxNews,"Tropical Storm Eta makes landfall in Florida, man dies after being electrocuted in standing water
https://t.co/CP0bYI9bDf",Thu Nov 12 13:44:01 +0000 2020,0.0,0.0,1.0,0.0,4
350,@FoxNews,"Ronald Klain, Biden's new chief of staff, raises eyebrows with 2014 tweet saying elections are 'rigged'
https://t.co/l5MiUlMkJe",Thu Nov 12 13:16:36 +0000 2020,-0.3612,0.0,0.865,0.135,4
351,@FoxNews,"Jennifer Kesse disappearance: Newly released police photos suggest violent struggle
https://t.co/BS3p3UulcP",Thu Nov 12 12:09:00 +0000 2020,-0.7351,0.0,0.592,0.408,4
352,@FoxNews,"Portland attacker Marquise Love sentenced to nearly two years in protest beating
https://t.co/uPt1m8YcIC",Thu Nov 12 11:45:32 +0000 2020,-0.5574,0.191,0.364,0.445,4
353,@FoxNews,"CMA Awards 2020 kicks off with star-studded tribute to Charlie Daniels

https://t.co/q67gzVbKLq",Thu Nov 12 02:28:11 +0000 2020,0.4588,0.214,0.786,0.0,4
354,@FoxNews,"With backing from Trump, RNC chair McDaniel expected to run for another term

https://t.co/Od8rifIduu",Thu Nov 12 02:27:23 +0000 2020,0.0258,0.078,0.922,0.0,4
355,@FoxNews,"Biden selects Ronald Klain as White House chief of staff

https://t.co/XpuyKZac0L",Thu Nov 12 01:33:42 +0000 2020,0.0,0.0,1.0,0.0,4
356,@FoxNews,"MSNBC's Hayes hits Trump for not pushing 'virtual' Thanksgiving after cheering crowds celebrating Biden

https://t.co/yJzHlgaCu4",Thu Nov 12 00:06:41 +0000 2020,0.7906,0.35,0.65,0.0,4
357,@FoxNews,"Minneapolis police, city officials clash over need for funding for outside forces

https://t.co/rN0P0VE65y",Wed Nov 11 23:48:29 +0000 2020,0.0,0.0,1.0,0.0,4
358,@FoxNews,"BLM co-founder sends message to Biden: 'We want something for our vote'

https://t.co/AXL1oAq60b",Wed Nov 11 21:48:45 +0000 2020,0.0772,0.098,0.902,0.0,4
359,@FoxNews,"Arizona judge denies Trump team request to seal evidence in vote-counting suit

https://t.co/nf89TitBtL",Wed Nov 11 21:26:55 +0000 2020,-0.4215,0.0,0.811,0.189,4
360,@FoxNews,"Biden wants mask mandate in every state to fight coronavirus ‚Äî but these governors won't commit

https://t.co/VWF2mAuWJs",Wed Nov 11 21:25:27 +0000 2020,-0.4822,0.0,0.784,0.216,4
361,@FoxNews,"Democrats' infighting over 'defund the police' movement heats up as AOC, 'Squad' refuse to back down

https://t.co/Y26vWghKBV",Wed Nov 11 21:24:55 +0000 2020,-0.296,0.0,0.879,0.121,4
362,@FoxNews,"BREAKING: Cuomo cracks down on bars, gyms, restaurants as coronavirus cases climb again

https://t.co/auERdedllN",Wed Nov 11 19:47:14 +0000 2020,0.0,0.0,1.0,0.0,4
363,@FoxNews,"Biden pulls from former Bernie Sanders, Elizabeth Warren staffers to fill out transition team

https://t.co/bbIJByw9SX",Wed Nov 11 19:46:37 +0000 2020,0.0,0.0,1.0,0.0,4
364,@FoxNews,"First Navy Columbia-class nuclear-armed missile sub to arrive in 2027
https://t.co/e6aQYkdRAN",Wed Nov 11 18:49:32 +0000 2020,0.0,0.0,1.0,0.0,4
365,@FoxNews,"Republicans take aim at ‚Äòextreme‚Äô Warnock in Georgia Senate runoff showdown
https://t.co/SwPFxEOmxU",Wed Nov 11 18:15:03 +0000 2020,0.0,0.0,1.0,0.0,4
366,@FoxNews,"GOP one win away from Senate majority after Republican wins reelection in Alaska, Democrats fail to expand map
https://t.co/btgmZJvguX",Wed Nov 11 17:26:22 +0000 2020,0.743,0.346,0.53,0.124,4
367,@FoxNews,"Georgia to manually recount every ballot as Biden leads by 14K votes
https://t.co/Wf2NfLiEnS",Wed Nov 11 17:13:57 +0000 2020,0.0,0.0,1.0,0.0,4
368,@FoxNews,"Pope Francis vows to end sexual abuse after McCarrick report
https://t.co/jIBz352nLc",Wed Nov 11 15:51:11 +0000 2020,-0.6369,0.0,0.704,0.296,4
369,@FoxNews,"Trump rips pre-election Wisconsin poll showing him down 17 points as 'suppression'
https://t.co/JxmSfcGKTX",Wed Nov 11 15:16:46 +0000 2020,0.0,0.0,1.0,0.0,4
370,@FoxNews,"Female veterans pose as pin-ups to help raise money for American heroes
https://t.co/ikNhhKBLma",Wed Nov 11 14:04:39 +0000 2020,0.7184,0.353,0.647,0.0,4
371,@FoxNews,"Biden lawyer accuses Trump of trying to 'interfere with the inevitable' as transition awaits GSA funds
https://t.co/irMw113dRI",Wed Nov 11 13:16:38 +0000 2020,-0.2732,0.07,0.802,0.128,4
372,@FoxNews,"NASA has certified Elon Musk's SpaceX to carry astronauts, ending its reliance on Russia
https://t.co/dxbQzxKSeI",Wed Nov 11 13:16:26 +0000 2020,0.0,0.0,1.0,0.0,4
373,@FoxNews,RT @FoxBusiness: Pfizer CEO unloads $5.6M of stock as coronavirus vaccine hopes send shares soaring https://t.co/HiPsRXXHsm,Wed Nov 11 13:16:04 +0000 2020,0.6124,0.263,0.737,0.0,4
374,@FoxNews,"Who will Biden's cabinet picks be? Here are some leading contenders
https://t.co/FTOzsqghoM",Wed Nov 11 12:15:48 +0000 2020,0.0,0.0,1.0,0.0,4
375,@FoxNews,"James Carville says 'woke' people need to take 'nap' after down-ballot Dem losses
https://t.co/MaaRsmCfRd",Wed Nov 11 10:48:18 +0000 2020,-0.4019,0.0,0.828,0.172,4
376,@FoxNews,"GOP-bashing, softball questions take center stage at Biden's first presser as president-elect https://t.co/qeQDdnAWb4",Wed Nov 11 02:20:55 +0000 2020,0.0,0.0,1.0,0.0,4
377,@FoxNews,RT @FoxBusiness: Shaq shaves $3 million off asking price for Florida home ‚Äî check out the gorgeous photos https://t.co/L7pIVj53eA,Wed Nov 11 01:50:48 +0000 2020,0.6124,0.182,0.818,0.0,4
378,@FoxNews,"RT @FoxBusiness: Amazon‚Äôs Ring recalls 350,000 video doorbells https://t.co/e07zGs6tGp",Wed Nov 11 01:50:33 +0000 2020,0.0,0.0,1.0,0.0,4
379,@FoxNews,Sunny Hostin sides with AOC's blacklist: Trump officials 'need to be held accountable' https://t.co/SFY4dm6dqb,Wed Nov 11 01:49:55 +0000 2020,0.4215,0.177,0.823,0.0,4
380,@FoxNews,Biden coronavirus adviser wants US to distribute vaccine globally before it's available to all Americans https://t.co/FYXTDKO2zw,Wed Nov 11 01:47:29 +0000 2020,0.0,0.0,1.0,0.0,4
381,@FoxNews,"Biden transition hangs in limbo, awaiting GSA certification https://t.co/P6cOerA6ga",Wed Nov 11 01:45:57 +0000 2020,0.0,0.0,1.0,0.0,4
382,@FoxNews,Thom Tillis victory marks another polling failure in 2020 elections https://t.co/6WcmE9973S,Wed Nov 11 01:44:23 +0000 2020,-0.5106,0.0,0.752,0.248,4
383,@FoxNews,Ted Cruz accuses McCabe of being leak behind James Comey and Clinton Foundation probe in fiery exchange https://t.co/AYJLGhsqzg,Wed Nov 11 00:35:01 +0000 2020,-0.7351,0.0,0.676,0.324,4
384,@FoxNews,Biden coronavirus adviser wants US to distribute vaccine globally before it's available to all Americans https://t.co/rRX8TTk2H2,Wed Nov 11 00:33:48 +0000 2020,0.0,0.0,1.0,0.0,4
385,@FoxNews,McConnell blasts Dems for accepting Biden win after questioning validity of 2016 election https://t.co/19tPHDBmVX,Tue Nov 10 22:53:34 +0000 2020,0.7184,0.34,0.585,0.074,4
386,@FoxNews,"AOC's new 'Squad' members want to defund police, much more https://t.co/PN7sB21BEk",Tue Nov 10 22:52:37 +0000 2020,0.0772,0.115,0.885,0.0,4
387,@FoxNews,Cal Cunningham concedes to Thom Tillis in North Carolina Senate race https://t.co/QkcqEYQjca,Tue Nov 10 20:29:18 +0000 2020,0.0,0.0,1.0,0.0,4
388,@FoxNews,RT @FoxBusiness: Congress unlikely to pass coronavirus relief deal before January https://t.co/fkKF4lm0KE,Tue Nov 10 20:16:12 +0000 2020,0.4767,0.22,0.78,0.0,4
389,@FoxNews,RT @FoxBusiness: US jobs market may not recover from coronavirus pandemic anytime soon https://t.co/pnoFzMHPdR,Tue Nov 10 20:15:59 +0000 2020,0.0,0.0,1.0,0.0,4
390,@FoxNews,"At arguments, justices suspicious of GOP challenge to ObamaCare after Dems warned Barrett could overturn law https://t.co/qq9kLz68jh",Tue Nov 10 20:15:22 +0000 2020,-0.7184,0.06,0.602,0.338,4
391,@FoxNews,Lawmakers grill McCabe over Russia probe as ex-FBI official says he regrets signing Page FISA https://t.co/uBHq7zYk5X,Tue Nov 10 20:14:05 +0000 2020,-0.3612,0.0,0.857,0.143,4
392,@FoxNews,"Biden calls for unity, but some fellow Democrats contradict message with spite toward Trump supporters https://t.co/nuXXTUNZVi",Tue Nov 10 20:11:33 +0000 2020,-0.5719,0.158,0.533,0.309,4
393,@FoxNews,"After Election Day, Biden's call for police oversight, officials' demands for defunding see renewed scrutiny https://t.co/YuH86DDUM4",Tue Nov 10 20:10:05 +0000 2020,0.0,0.0,1.0,0.0,4
394,@FoxNews,"North Carolina Democrats: 'Thousands of outstanding votes to be cast' could swing races
https://t.co/drWP49d5lS",Tue Nov 10 17:47:37 +0000 2020,0.6124,0.235,0.765,0.0,4
395,@FoxNews,"Trey Gowdy says those alleging voter fraud have a 'responsibility to prove it'
https://t.co/9Ns0530qIu",Tue Nov 10 17:17:31 +0000 2020,-0.5859,0.0,0.774,0.226,4
396,@FoxNews,"Georgia Senate runoff candidate Raphael Warnock worked at church that hosted Fidel Castro in 1995
https://t.co/txewUlF0HM",Tue Nov 10 15:17:32 +0000 2020,0.0,0.0,1.0,0.0,4
397,@FoxNews,"LISTEN: ACB, fellow justices hear challenge to throw out ObamaCare
https://t.co/iiAlXxUuPZ",Tue Nov 10 15:05:34 +0000 2020,0.0772,0.115,0.885,0.0,4
398,@FoxNews,"Robert De Niro 'confounded' by Trump voters, says we need to 'set an example for' when public is wrong
https://t.co/wLvBPQh6Vp",Tue Nov 10 14:48:02 +0000 2020,-0.4767,0.0,0.86,0.14,4
399,@FoxNews,"Miss USA 2020 crowns Mississippi's Asya Branch, 22, as winner
https://t.co/TX7yc8tljd",Tue Nov 10 14:02:46 +0000 2020,0.4939,0.264,0.625,0.111,4
400,@NYTimes,"President-elect Joe Biden ran on unity, promising to restore the ‚Äúsoul of the nation.‚Äù But he now faces a towering‚Ä¶ https://t.co/GJC924GgHY",Sat Nov 14 17:00:11 +0000 2020,0.3506,0.154,0.846,0.0,5
401,@NYTimes,"The two 15-year-olds charged with the alleged murder of Nyla Bond, a 20-year-old woman from the Bronx, have joined‚Ä¶ https://t.co/5HIkEtwQMC",Sat Nov 14 16:40:05 +0000 2020,-0.7579,0.0,0.735,0.265,5
402,@NYTimes,"RT @jimtankersley: Biden‚Äôs first big policy choice: push for a (smaller than he wants) stimulus deal in the lame duck, in hopes of adding m‚Ä¶",Sat Nov 14 16:35:14 +0000 2020,0.0,0.098,0.804,0.098,5
403,@NYTimes,"In his new memoir, Michael J. Fox views his life, including the prognosis of his Parkinson's disease, through a sob‚Ä¶ https://t.co/Jbp7jD56Cg",Sat Nov 14 16:30:14 +0000 2020,0.0,0.0,1.0,0.0,5
404,@NYTimes,"Acting defense secretary Christopher Miller called for American troops to ‚Äúcome home"" in a memo sent after midnight‚Ä¶ https://t.co/pi6lWGU6vf",Sat Nov 14 16:05:04 +0000 2020,0.128,0.077,0.923,0.0,5
405,@NYTimes,RT @EricLiptonNYT: NEW: President Trump‚Äôs string of losses in court in recent days extended beyond his effort to challenge the outcome of t‚Ä¶,Sat Nov 14 15:51:57 +0000 2020,-0.34,0.052,0.84,0.108,5
406,@NYTimes,Calls for a reversal of Pope John Paul II‚Äôs canonization have emerged following a Vatican investigation that reveal‚Ä¶ https://t.co/IC4KuSfFGR,Sat Nov 14 15:40:06 +0000 2020,0.0,0.0,1.0,0.0,5
407,@NYTimes,"As the U.S. enters what may be the worst wave of the coronavirus pandemic yet, rural and urban areas have something‚Ä¶ https://t.co/NSygxoEEXA",Sat Nov 14 15:20:08 +0000 2020,-0.6249,0.0,0.837,0.163,5
408,@NYTimes,"Georgia's unusual runoff elections were devised by white Republicans to dilute the power of Black, Democrat voters,‚Ä¶ https://t.co/fQNgcuYWhL",Sat Nov 14 15:00:09 +0000 2020,0.0,0.0,1.0,0.0,5
409,@NYTimes,"By some estimates, the U.S. may soon be on track to reach ‚Äî or exceed ‚Äî peak coronavirus death levels from the spri‚Ä¶ https://t.co/s6p7PjEghx",Sat Nov 14 14:40:05 +0000 2020,-0.5859,0.041,0.815,0.144,5
410,@NYTimes,"Savannah Guthrie, the ‚ÄúToday‚Äù show co-host, is no stranger to asking tough questions. With experience as a White Ho‚Ä¶ https://t.co/5LrThHZGEO",Sat Nov 14 14:20:07 +0000 2020,-0.4019,0.0,0.829,0.171,5
411,@NYTimes,"RT @nytimes: When President Trump leaves office, he will lose the constitutional protection from prosecution afforded to a sitting presiden‚Ä¶",Sat Nov 14 14:17:41 +0000 2020,-0.7096,0.0,0.753,0.247,5
412,@NYTimes,"RT @nytopinion: ""No recount can turn these numbers around. No evidence has emerged to back Trump‚Äôs lawsuits challenging the outcomes. Biden‚Ä¶",Sat Nov 14 14:00:14 +0000 2020,-0.296,0.068,0.769,0.162,5
413,@NYTimes,"RT @alanblinder: The players are finishing the second round of the Masters, with the third expected to start around 10:30 a.m. ET. While we‚Ä¶",Sat Nov 14 13:45:09 +0000 2020,0.0,0.0,1.0,0.0,5
414,@NYTimes,"Dr. Martin Luther King Jr. was stabbed in Harlem in 1958. Al Howard, a former police officer who died of Covid last‚Ä¶ https://t.co/zEoIEnTDkJ",Sat Nov 14 13:00:07 +0000 2020,-0.7579,0.0,0.764,0.236,5
415,@NYTimes,"Watch: The U.S. soccer stars Rose Lavelle, Sam Mewis, Tobin Heath and Christen Press tell our soccer correspondent‚Ä¶ https://t.co/EwvxYKyGpJ",Sat Nov 14 12:00:11 +0000 2020,0.0,0.0,1.0,0.0,5
416,@NYTimes,President Xi Jinping of China and President-elect Joe Biden‚Äôs converging climate interests could spur healthy compe‚Ä¶ https://t.co/KmOJ2rGaZb,Sat Nov 14 10:00:07 +0000 2020,0.5719,0.239,0.761,0.0,5
417,@NYTimes,"RT @RorySmith: Genuinely one of the most fun interviews I‚Äôve ever done: come for @TobinHeath gleefully stoking a rivalry, but stay for @Chr‚Ä¶",Sat Nov 14 09:00:12 +0000 2020,0.3174,0.095,0.905,0.0,5
418,@NYTimes,There have been calls for decades for the looted Benin Bronzes to be returned to Nigeria and housed in a new museum‚Ä¶ https://t.co/QhHHvhPmNE,Sat Nov 14 08:00:07 +0000 2020,0.0,0.0,1.0,0.0,5
419,@NYTimes,Some people buy treats for their favorite animals. President Gurbanguly Berdymukhammedov of Turkmenistan has built‚Ä¶ https://t.co/O9nAINzu6P,Sat Nov 14 07:00:05 +0000 2020,0.4588,0.167,0.833,0.0,5
420,@NYTimes,"RT @NYTScience: Oh so PEMDAS is trending again, eh? Well, math conventions like PEMDAS (or BODMAS) may seem tedious, but they are the doubl‚Ä¶",Sat Nov 14 06:30:04 +0000 2020,0.3182,0.13,0.87,0.0,5
421,@NYTimes,Michael McAllister‚Äôs photos were used to catfish women on dating apps. He writes for Modern Love about confronting‚Ä¶ https://t.co/00KPT1qZa0,Sat Nov 14 06:00:08 +0000 2020,0.6369,0.189,0.811,0.0,5
422,@NYTimes,"RT @nytopinion: America ought to look at Joe Biden‚Äôs win from another angle, writes @JenSeniorNY. Isn‚Äôt it inspiring that ‚Äúafter 46 years o‚Ä¶",Sat Nov 14 05:30:07 +0000 2020,0.765,0.239,0.761,0.0,5
423,@NYTimes,9 new books recommended by critics and editors at The New York Times https://t.co/4jmRy8giqr,Sat Nov 14 05:00:09 +0000 2020,-0.1027,0.113,0.75,0.138,5
424,@NYTimes,"The SeaDream 1, a ship that had aspired to be a model for a safe return to cruising in the pandemic era, cut short‚Ä¶ https://t.co/rBTs1NTpIU",Sat Nov 14 04:40:04 +0000 2020,0.2023,0.104,0.821,0.075,5
425,@NYTimes,"RT @sarahkliff: More than a million Americans are now getting tested for coronavirus each day.

Here's my guide to avoiding the surprise me‚Ä¶",Sat Nov 14 04:20:07 +0000 2020,-0.0772,0.082,0.824,0.094,5
426,@NYTimes,"President Trump was handed defeats in Pennsylvania, Arizona and Michigan, where a state judge in Detroit rejected a‚Ä¶ https://t.co/sS1m6m3p7D",Sat Nov 14 04:00:03 +0000 2020,-0.6808,0.0,0.752,0.248,5
427,@NYTimes,"RT @apoorva_nyc: NEW: Have you been wondering if the CDC has, in recent weeks, seemed to reclaim some measure of its independence?

You wer‚Ä¶",Sat Nov 14 03:50:04 +0000 2020,0.0,0.0,1.0,0.0,5
428,@NYTimes,"Tropical Storm Iota stirred in the Caribbean Sea on Friday evening, becoming the 30th named storm in the record-bre‚Ä¶ https://t.co/O3LgiHeGE2",Sat Nov 14 03:40:07 +0000 2020,0.0,0.0,1.0,0.0,5
429,@NYTimes,"RT @nicoleperlroth: New: Chris Krebs hasn't been fired, yet. https://t.co/YvJyuzvWoU with @SangerNYT",Sat Nov 14 03:20:05 +0000 2020,0.4449,0.21,0.79,0.0,5
430,@NYTimes,"New Yorkers stood for hours in long lines to be tested for the coronavirus on Friday, a disturbing indicator that s‚Ä¶ https://t.co/K6psZgOKmN",Sat Nov 14 03:00:07 +0000 2020,-0.5106,0.0,0.864,0.136,5
431,@NYTimes,"RT @adamgoldmanNYT: Prosecutors asked Barr to rescind the memo, saying it thrust the department into partisan politics and was unnecessary‚Ä¶",Sat Nov 14 02:52:21 +0000 2020,0.0,0.0,1.0,0.0,5
432,@NYTimes,"The resolution, approved on Thursday, marked the first time that Philadelphia had formally apologized for the actio‚Ä¶ https://t.co/JtA6kIGa4C",Sat Nov 14 02:42:02 +0000 2020,0.6249,0.242,0.758,0.0,5
433,@NYTimes,"RT @maggieNYT: NEW - Trump has put Rudy Giuliani in charge of his campaign lawsuits related to the outcome of the election, as well as all‚Ä¶",Sat Nov 14 02:15:04 +0000 2020,0.128,0.076,0.866,0.058,5
434,@NYTimes,"Breaking News: President Trump is said to have put his personal lawyer, Rudy Giuliani, in charge of campaign lawsui‚Ä¶ https://t.co/NAJqM1r87g",Sat Nov 14 02:00:05 +0000 2020,0.0,0.0,1.0,0.0,5
435,@NYTimes,"RT @thomaskaplan: In his first week as president-elect, Biden treated Trump as if he were a heckler shouting from the bleachers who would e‚Ä¶",Sat Nov 14 01:40:07 +0000 2020,0.0,0.0,1.0,0.0,5
436,@NYTimes,"We‚Äôre tracking coronavirus restrictions in every state, including what businesses are open or closed ‚Äî and whether‚Ä¶ https://t.co/4NHiMPbzJ8",Sat Nov 14 01:32:39 +0000 2020,0.0,0.0,1.0,0.0,5
437,@NYTimes,"The CDC, breaking from its recommendations on the use of masks so far, said this week that masks benefit wearers, n‚Ä¶ https://t.co/rlDP4XjDCv",Sat Nov 14 01:32:38 +0000 2020,0.4588,0.125,0.875,0.0,5
438,@NYTimes,"Masks are now mandatory in public in 29 states, Washington, D.C., and Puerto Rico, and are required in certain circ‚Ä¶ https://t.co/Ofz9nCs4rs",Sat Nov 14 01:32:38 +0000 2020,0.34,0.152,0.848,0.0,5
439,@NYTimes,"Without a federal policy, many states are weighing public health and the economy. Most business sectors remain open‚Ä¶ https://t.co/haqnmYH4xj",Sat Nov 14 01:32:37 +0000 2020,0.0,0.0,1.0,0.0,5
440,@NYTimes,"Several states are adding new restrictions, including New Mexico, which will change its stay-at-home advisory to an‚Ä¶ https://t.co/FRKyxmPIlv",Sat Nov 14 01:32:36 +0000 2020,0.0,0.0,1.0,0.0,5
441,@NYTimes,Coronavirus cases continue to surge in the U.S. and experts warn the virus‚Äôs spread could accelerate as winter sets‚Ä¶ https://t.co/0EwBy3btLh,Sat Nov 14 01:32:35 +0000 2020,-0.1027,0.0,0.931,0.069,5
442,@NYTimes,"RT @farnazfassihi: Our bombshell: Al Qaeda‚Äôs No. 2 Killed in Iran. 

Remember an assassination in Aug. Iran said it was prof Lebanese Habib‚Ä¶",Sat Nov 14 01:00:05 +0000 2020,-0.8555,0.0,0.714,0.286,5
443,@NYTimes,"Breaking News: Israeli agents shot Al Qaeda‚Äôs No. 2 leader on the streets of Tehran at the behest of the U.S., offi‚Ä¶ https://t.co/l51R6R8niu",Sat Nov 14 00:48:02 +0000 2020,0.0,0.0,1.0,0.0,5
444,@NYTimes,"Stocks climbed to a record, after a rally that began with the presidential election and was boosted further by hope‚Ä¶ https://t.co/3uAZXD97qi",Sat Nov 14 00:40:03 +0000 2020,0.3612,0.111,0.889,0.0,5
445,@NYTimes,"RT @jacknicas: I wrote about Tommy Heinsohn, the Boston Celtics great whose love for basketball was infectious.

For 40 years behind the mi‚Ä¶",Sat Nov 14 00:20:05 +0000 2020,0.8519,0.283,0.717,0.0,5
446,@NYTimes,China‚Äôs unusual new coronavirus testing policy has health experts baffled. It requires inbound travelers to show ne‚Ä¶ https://t.co/H1ewWHHVpX,Sat Nov 14 00:00:11 +0000 2020,0.0,0.0,1.0,0.0,5
447,@NYTimes,Millions of American students are attending school remotely without adequate home internet service. Some are learni‚Ä¶ https://t.co/e8o8RkiuVL,Fri Nov 13 23:40:04 +0000 2020,-0.1695,0.0,0.906,0.094,5
448,@NYTimes,"RT @doug_alteen_nyt: The U.S. and China: two biggest economies, two leading military powers and the two biggest sources of the climate prob‚Ä¶",Fri Nov 13 23:20:05 +0000 2020,0.0,0.0,1.0,0.0,5
449,@NYTimes,"The Trump administration gave TikTok‚Äôs Chinese owner, ByteDance, more time to reach a deal to sell any assets that‚Ä¶ https://t.co/k8XeldBFxZ",Fri Nov 13 23:00:14 +0000 2020,0.2648,0.145,0.855,0.0,5
450,@NYTimes,"Homeless men who struggled to find a sense of belonging anywhere found community on Manhattan‚Äôs Upper West Side, un‚Ä¶ https://t.co/AuEPfJNFur",Fri Nov 13 22:40:07 +0000 2020,-0.34,0.0,0.888,0.112,5
451,@NYTimes,"RT @EricaLG: Like most federal agencies, the Education Department followed President Trump‚Äôs lead in undoing the legacy of his predecessor.‚Ä¶",Fri Nov 13 22:30:14 +0000 2020,0.3612,0.116,0.884,0.0,5
452,@NYTimes,"With his recent flurry of firings and appointments, President Trump has installed officials he can rely on to execu‚Ä¶ https://t.co/lM7bqP1PsH",Fri Nov 13 22:20:06 +0000 2020,0.0,0.0,1.0,0.0,5
453,@NYTimes,"This Thanksgiving, you can bake and share these single-serving desserts without the creeping anxiety of potentially‚Ä¶ https://t.co/P0yUdcOGi2",Fri Nov 13 22:00:18 +0000 2020,0.4055,0.199,0.801,0.0,5
454,@NYTimes,"Dr. Martin Luther King Jr. was stabbed in Harlem in 1958. Al Howard, a former police officer who died of Covid last‚Ä¶ https://t.co/64qcosTRFP",Fri Nov 13 21:40:03 +0000 2020,-0.7579,0.0,0.764,0.236,5
455,@NYTimes,"Looking at the number of deaths from all causes can provide a more complete picture of the pandemic‚Äôs impact, showi‚Ä¶ https://t.co/JZPOmP0kb8",Fri Nov 13 21:21:43 +0000 2020,0.0772,0.061,0.939,0.0,5
456,@NYTimes,"Every state except Alaska is seeing people dying at higher-than-normal rates. 

And all but five states have exceed‚Ä¶ https://t.co/mi0a6AfX4P",Fri Nov 13 21:21:18 +0000 2020,0.0,0.0,1.0,0.0,5
457,@NYTimes,"Our analysis shows how many more people have died between March 15 and Oct. 24 than in a normal year. 

That total,‚Ä¶ https://t.co/o4ARKHYShx",Fri Nov 13 21:20:53 +0000 2020,-0.5945,0.0,0.851,0.149,5
458,@NYTimes,"The official U.S. coronavirus death toll has passed 240,000, but our analysis of estimates from the CDC shows that‚Ä¶ https://t.co/oMwU6OOh2r",Fri Nov 13 21:20:05 +0000 2020,-0.3506,0.0,0.886,0.114,5
459,@NYTimes,"President Trump said he may try to ‚Äústop by and say hello‚Äù at a rally planned for Saturday in Washington, D.C., of‚Ä¶ https://t.co/NHGf5ArGDz",Fri Nov 13 21:10:06 +0000 2020,0.0,0.0,1.0,0.0,5
460,@NYTimes,"RT @NYTSports: .@RorySmith talked to the four @USWNT stars in Manchester about England, rivalries, isolation and ... laundry https://t.co/8‚Ä¶",Fri Nov 13 21:00:06 +0000 2020,-0.4019,0.0,0.87,0.13,5
461,@NYTimes,"After destroying the first known murder hornet nest in the U.S., scientists are revealing what they have learned:
‚Äî‚Ä¶ https://t.co/3EEdxfyefn",Fri Nov 13 20:53:56 +0000 2020,-0.8519,0.0,0.684,0.316,5
462,@NYTimes,"RT @davidenrich: With internal dissent getting louder, a top Jones Day partner told colleagues today that the firm would not do additional‚Ä¶",Fri Nov 13 20:50:05 +0000 2020,0.2023,0.079,0.921,0.0,5
463,@NYTimes,Supreme Court Justice Samuel Alito told a conservative legal group on Thursday that government responses to the cor‚Ä¶ https://t.co/7tn7SIuAZM,Fri Nov 13 20:40:04 +0000 2020,0.8176,0.347,0.653,0.0,5
464,@NYTimes,"Oregon has issued strict new virus measures, placing the state in a partial lockdown for two weeks to combat a surg‚Ä¶ https://t.co/uHmqOsTxMh",Fri Nov 13 20:25:02 +0000 2020,-0.34,0.0,0.897,0.103,5
465,@NYTimes,"Dr. Anthony Fauci pleaded with Americans to ‚Äúdo the things that are simple public health measures,‚Äù as the virus su‚Ä¶ https://t.co/kFCTHHQ7pN",Fri Nov 13 20:20:02 +0000 2020,0.0,0.0,1.0,0.0,5
466,@NYTimes,"In the latest legal defeat for the Trump campaign, a Michigan judge rejected a request to halt the vote certificati‚Ä¶ https://t.co/iQBEkQSLEM",Fri Nov 13 20:11:53 +0000 2020,-0.7003,0.058,0.698,0.244,5
467,@NYTimes,"Among recent winners of the Nobel Peace Prize are the Ethiopian Prime Minister Abiy Ahmed, who ordered military ope‚Ä¶ https://t.co/EzbCaZpjid",Fri Nov 13 20:10:03 +0000 2020,0.872,0.368,0.632,0.0,5
468,@NYTimes,"Leaders of the Republican majorities in legislatures in Pennsylvania, Georgia, Arizona and North Carolina, told The‚Ä¶ https://t.co/SDjV7uRiip",Fri Nov 13 20:00:16 +0000 2020,0.0,0.0,1.0,0.0,5
469,@NYTimes,"‚ÄúWe currently find ourselves in a no-win situation,‚Äù said a group of health researchers who had until now been advi‚Ä¶ https://t.co/U9njmK7zzx",Fri Nov 13 19:50:04 +0000 2020,0.0,0.0,1.0,0.0,5
470,@NYTimes,"Data from the highest-rated radio shows before and after the election illustrates how right-wing talk show hosts, l‚Ä¶ https://t.co/Yfbnc07HOj",Fri Nov 13 19:40:06 +0000 2020,0.0,0.0,1.0,0.0,5
471,@NYTimes,"Breaking News: President-elect Joe Biden won Georgia, a major victory for Democrats, and President Trump took North‚Ä¶ https://t.co/W6MrmgAo9p",Fri Nov 13 19:39:45 +0000 2020,0.5719,0.179,0.821,0.0,5
472,@NYTimes,At least 30 uniformed Secret Service officers have tested positive for the coronavirus. Officers in the uniformed d‚Ä¶ https://t.co/JCJ61jI2bU,Fri Nov 13 19:35:11 +0000 2020,0.5574,0.167,0.833,0.0,5
473,@NYTimes,"A judge denied bond on Friday to the white father and son charged with murder in the killing of Ahmaud Arbery, a Bl‚Ä¶ https://t.co/GdxOfuXnTc",Fri Nov 13 19:30:07 +0000 2020,-0.93,0.0,0.592,0.408,5
474,@NYTimes,Dozens of rallies are being organized in the U.S. for Saturday as part of a movement which falsely asserts that the‚Ä¶ https://t.co/k8vVjoFjVg,Fri Nov 13 19:17:35 +0000 2020,0.0,0.0,1.0,0.0,5
475,@NYTimes,"RT @TimHerrera: We've been stuck indoors for eight months ‚Äî of course we're going to develop new and weird forms of social anxiety.

Here a‚Ä¶",Fri Nov 13 19:10:06 +0000 2020,-0.5267,0.0,0.803,0.197,5
476,@NYTimes,"A top member of South Africa‚Äôs governing African National Congress party appeared in court on Friday, charged with‚Ä¶ https://t.co/HFfhpdFWaz",Fri Nov 13 19:00:29 +0000 2020,0.4019,0.202,0.717,0.081,5
477,@NYTimes,"Tommy Tuberville, Republican of Alabama, misidentified the three branches of the federal government and claimed err‚Ä¶ https://t.co/0aHv3ZIZYC",Fri Nov 13 18:55:00 +0000 2020,0.0,0.0,1.0,0.0,5
478,@NYTimes,The Trump campaign dropped its lawsuit in Arizona which had falsely claimed that some ballots cast for President Tr‚Ä¶ https://t.co/yMjNO8EmFv,Fri Nov 13 18:50:04 +0000 2020,-0.2263,0.0,0.909,0.091,5
479,@NYTimes,Two people performing mechanical work at a Veterans Affairs hospital in Connecticut were killed on Friday morning i‚Ä¶ https://t.co/piaeRPWtpO,Fri Nov 13 18:40:05 +0000 2020,-0.6705,0.0,0.8,0.2,5
480,@NYTimes,Abby Phillip is next-gen CNN https://t.co/6w0KLchvdC,Fri Nov 13 18:30:11 +0000 2020,0.0,0.0,1.0,0.0,5
481,@NYTimes,Michael McAllister‚Äôs photos were used to catfish women on dating apps. He writes for Modern Love about confronting‚Ä¶ https://t.co/KZFPgha175,Fri Nov 13 18:20:05 +0000 2020,0.6369,0.189,0.811,0.0,5
482,@NYTimes,RT @elizashapiro: Very possible at this point that the entire NYC school system will shut down within 24 hours or so of the deadline for pa‚Ä¶,Fri Nov 13 18:10:42 +0000 2020,0.0,0.0,1.0,0.0,5
483,@NYTimes,"Tommy Heinsohn, who died on Monday, was a resounding figure in Boston sports, known for his love of the Celtics and‚Ä¶ https://t.co/XxLmwCUCRF",Fri Nov 13 18:00:17 +0000 2020,0.1531,0.151,0.719,0.129,5
484,@NYTimes,The Education Department directly holds more than $1.4 trillion in student debt. President-elect Joe Biden‚Äôs admini‚Ä¶ https://t.co/NnXtdw1xtz,Fri Nov 13 17:45:07 +0000 2020,-0.3612,0.0,0.865,0.135,5
485,@NYTimes,RT @taraparkerpope: Families with college students are asking: How do students come home safely for Thanksgiving without unwittingly spread‚Ä¶,Fri Nov 13 17:34:06 +0000 2020,0.4939,0.151,0.849,0.0,5
486,@NYTimes,"The Miami Marlins named Kim Ng as general manager. After 30 years in the game, she is the first woman in baseball t‚Ä¶ https://t.co/IV14qUOlVd",Fri Nov 13 17:29:42 +0000 2020,0.0,0.0,1.0,0.0,5
487,@NYTimes,"In Opinion

‚ÄúIt‚Äôs hard to tell whether Donald Trump is attempting a coup or throwing a tantrum,‚Äù writes‚Ä¶ https://t.co/SQtthipmgd",Fri Nov 13 17:20:08 +0000 2020,-0.1027,0.0,0.928,0.072,5
488,@NYTimes,"In 2020, the treatment of Black women (Breonna Taylor) and the political capital of Black women (Stacey Abrams and‚Ä¶ https://t.co/DhX195Bx23",Fri Nov 13 17:10:47 +0000 2020,0.0,0.0,1.0,0.0,5
489,@NYTimes,"‚ÄúBlack women did that,‚Äù said Abby Phillip, a CNN correspondent, on Nov. 6, the day before victory would be declared‚Ä¶ https://t.co/VAjaN7QXgH",Fri Nov 13 17:10:07 +0000 2020,0.0,0.0,1.0,0.0,5
490,@NYTimes,Georgia began recounting nearly five million ballots in the presidential election on Friday. With President-elect J‚Ä¶ https://t.co/Z1IRSpABX4,Fri Nov 13 17:00:09 +0000 2020,0.0,0.0,1.0,0.0,5
491,@NYTimes,Breaking News: Mayor Bill de Blasio warned that New York City public schools could close as early as Monday if the‚Ä¶ https://t.co/5v6huskSGf,Fri Nov 13 16:54:33 +0000 2020,-0.2732,0.0,0.909,0.091,5
492,@NYTimes,"Thieves have pulled off a series of brazen museum heists in Europe, stealing valuable Nazi uniforms and war memorab‚Ä¶ https://t.co/df8DSJrQyY",Fri Nov 13 16:45:02 +0000 2020,-0.8316,0.103,0.533,0.363,5
493,@NYTimes,"President-elect Joe Biden has narrowly won Arizona, capturing the state‚Äôs 11 electoral votes and strengthening his‚Ä¶ https://t.co/gcu3ubIEs6",Fri Nov 13 16:40:44 +0000 2020,0.7845,0.315,0.685,0.0,5
494,@NYTimes,"In Opinion

For girls and women of color, Vice President-elect Kamala Harris embodies a message: You do belong here‚Ä¶ https://t.co/kxJYGXObIX",Fri Nov 13 16:30:12 +0000 2020,0.0,0.0,1.0,0.0,5
495,@NYTimes,President Trump‚Äôs refusal to concede the election and allow President-elect Joe Biden‚Äôs team access to key health o‚Ä¶ https://t.co/PKzw6jihci,Fri Nov 13 16:20:14 +0000 2020,0.2263,0.095,0.905,0.0,5
496,@NYTimes,"RT @stefanoschen: Futurism is a lot less fun in a dystopian nightmare, but here is some of the tech the real estate industry is adopting be‚Ä¶",Fri Nov 13 16:15:09 +0000 2020,0.2508,0.074,0.926,0.0,5
497,@NYTimes,Some people buy treats for their favorite animals. President Gurbanguly Berdymukhammedov of Turkmenistan has built‚Ä¶ https://t.co/NcEkV0IknS,Fri Nov 13 16:00:14 +0000 2020,0.4588,0.167,0.833,0.0,5
498,@NYTimes,"RT @sarahkliff: As part of my reporting this year, I've read hundreds of bills for coronavirus tests.

Some of them are pretty big¬†‚Äî¬†over $‚Ä¶",Fri Nov 13 15:50:03 +0000 2020,0.4939,0.113,0.887,0.0,5
499,@NYTimes,China congratulated President-elect Joe Biden on his presidential victory. ‚ÄúWe respect the choice of the American p‚Ä¶ https://t.co/tuwRFVjRmc,Fri Nov 13 15:40:05 +0000 2020,0.4767,0.154,0.846,0.0,5
